INSERT INTO client (id, full_name, birth_date, gender, email, phone_number, password) VALUES
(1, 'Kenneth Mitchell', '1988-02-24', 'FEMALE', 'cmurray@example.com', '89800143674', 'DBOD06SOW9'),
(2, 'Charles Ritter', '1967-07-30', 'MALE', 'jreyes@example.org', '89418876483', '3SXON0XWMI'),
(3, 'Michael Humphrey', '1961-11-20', 'MALE', 'gmiller@example.com', '89210783295', 'STDJ7D88CL'),
(4, 'Christopher Gaines', '2001-04-20', 'MALE', 'alexander26@example.com', '89804963734', 'NEO7MOJJEJ'),
(5, 'Alexandra Rodriguez', '2002-09-04', 'FEMALE', 'heatherhodges@example.net', '89303324779', '2PT9JPJJC9'),
(6, 'David Kaiser', '1998-04-16', 'MALE', 'robertsonscott@example.org', '89101368353', 'ROW5AP2CP9'),
(7, 'Mr. Marc Hayden', '1991-04-03', 'FEMALE', 'careykathy@example.com', '89220235957', 'VLOFITOZTB'),
(8, 'Randy Baker', '1981-11-06', 'FEMALE', 'vanessa09@example.net', '89641665475', 'RT10HQPZOW'),
(9, 'Joshua Moore', '1975-05-02', 'FEMALE', 'qmorgan@example.net', '89888156111', 'MZ6FM643R5'),
(10, 'Denise George', '1994-06-19', 'FEMALE', 'wcohen@example.net', '89570694574', 'PMN3WPS3FW'),
(11, 'James Allen', '1974-10-06', 'FEMALE', 'john71@example.com', '89187886304', '95HEHZ1RXT'),
(12, 'Sarah Baxter', '1972-02-04', 'MALE', 'esoto@example.net', '89828061342', '8RG77NPXWD'),
(13, 'Martin Copeland', '1981-01-17', 'FEMALE', 'kcaldwell@example.net', '89463716799', 'O7F5LRMM4A'),
(14, 'Spencer Taylor', '1961-03-21', 'FEMALE', 'qpreston@example.net', '89972131636', 'YRFMUVF1SI'),
(15, 'Carly Montgomery', '1969-07-08', 'MALE', 'shannon24@example.net', '89508471148', 'E7AE3L4W77'),
(16, 'Leslie Lopez', '1988-12-10', 'FEMALE', 'adamhart@example.net', '89663715499', 'GRAKER2F54'),
(17, 'Seth Willis', '1990-05-14', 'FEMALE', 'wchambers@example.net', '89229021599', 'TA7EJ9EHVY'),
(18, 'Greg Jones', '1983-07-25', 'MALE', 'jason07@example.org', '89564371876', 'HEPILE0G0L'),
(19, 'Isaac Cortez', '2004-11-17', 'MALE', 'amywalker@example.net', '89722309912', '56P5IWYOPA'),
(20, 'Kyle Joseph', '1999-04-13', 'FEMALE', 'brian12@example.org', '89480909024', 'J5JTZ77Z1B'),
(21, 'Ann Blake', '1963-06-14', 'FEMALE', 'uwilson@example.org', '89728487722', '1HVBT2B3ZM'),
(22, 'Amanda Jenkins', '1985-06-28', 'FEMALE', 'danielleshaffer@example.net', '89814569305', 'SYKOJAOWW5'),
(23, 'Candice Bradley', '1984-11-01', 'MALE', 'wendy82@example.net', '89711381344', 'NPVZ2QS8SV'),
(24, 'Elizabeth Barnes', '1964-09-03', 'MALE', 'christophermaldonado@example.com', '89838572421', '4BFHJDG7D9'),
(25, 'Jonathan Brown', '1998-07-01', 'FEMALE', 'david20@example.org', '89355287198', 'DH3DADRT48'),
(26, 'Jason Meyers', '1993-05-21', 'MALE', 'kvargas@example.com', '89839221283', 'MPCH1JZ3S3'),
(27, 'Kelly Sanchez', '1965-05-29', 'MALE', 'jholt@example.org', '89413184767', 'WZV9DOGG65'),
(28, 'Todd Henderson', '1990-10-24', 'FEMALE', 'michael03@example.com', '89912222798', '0TLKAGRUDE'),
(29, 'Savannah Myers', '1981-02-04', 'MALE', 'teresapetty@example.com', '89215754661', 'EXWFWYJR3Y'),
(30, 'Stacy Contreras', '1983-02-16', 'FEMALE', 'pbaker@example.org', '89874276783', '9EXIN1JEVP'),
(31, 'Vincent Richardson', '1979-07-17', 'FEMALE', 'chantammy@example.net', '89455877168', 'N3AFOCH7VS'),
(32, 'Daniel Coleman', '1999-10-04', 'FEMALE', 'anita67@example.net', '89234277952', 'I8UIWQR95G'),
(33, 'Shannon Burns', '1996-09-25', 'FEMALE', 'shawkins@example.com', '89180507711', 'PEFCW74IQF'),
(34, 'Erin Maldonado', '1997-04-02', 'MALE', 'jlawrence@example.org', '89547458630', 'WSD3AOULXN'),
(35, 'Mrs. Natalie Vazquez DDS', '1958-09-02', 'MALE', 'vwatkins@example.com', '89768887367', '16CG0I1EW6'),
(36, 'Cheryl Fletcher', '1995-09-02', 'MALE', 'andrewbailey@example.net', '89758199828', '9UMQ2YQRDP'),
(37, 'Troy Stout', '1998-05-14', 'FEMALE', 'luke18@example.net', '89972861701', 'FMIYZV9N5S'),
(38, 'Jonathan Booth', '1982-06-02', 'FEMALE', 'ghardy@example.net', '89328400021', '0LHF4F34CK'),
(39, 'Megan Patrick', '1974-06-01', 'MALE', 'bmassey@example.net', '89790199802', 'HSQXSN157M'),
(40, 'Ashley Ramirez', '1983-08-31', 'FEMALE', 'brownjoseph@example.org', '89556999777', 'OV20IW87BJ'),
(41, 'Scott Sawyer', '1959-05-21', 'MALE', 'loganheather@example.com', '89526250191', 'SZCH0UUY81'),
(42, 'Raymond Sanford', '1963-12-15', 'FEMALE', 'qcontreras@example.org', '89275100052', 'JKTNTUFHTI'),
(43, 'Jesus Hernandez', '1974-04-25', 'MALE', 'djohnson@example.com', '89156784335', 'N4OA2XQPJP'),
(44, 'John Stewart', '1975-01-29', 'FEMALE', 'johnwebb@example.net', '89732459034', 'J6ABLAP2EM'),
(45, 'Christopher Reeves', '1995-09-21', 'MALE', 'simmonsmonica@example.net', '89745479731', 'UG454IVDPD'),
(46, 'Dr. Kristin Walters DDS', '1970-11-25', 'FEMALE', 'helen64@example.org', '89849067747', 'AIHR682ORM'),
(47, 'Matthew Andrews', '2002-09-11', 'MALE', 'angela08@example.org', '89961880646', 'QE9T5CBSE3'),
(48, 'Michelle Allen', '1966-09-16', 'MALE', 'cbell@example.net', '89870148844', 'HS7OP1TKRH'),
(49, 'Bradley Hill', '1974-07-19', 'FEMALE', 'smithandrea@example.com', '89376734014', 'X78LC42OXR'),
(50, 'Diamond Wade', '1997-12-07', 'MALE', 'aprilcarlson@example.com', '89539462165', 'IM9Z1NJQMD'),
(51, 'Daniel Brown', '1990-05-22', 'MALE', 'bryanmullen@example.net', '89445057247', 'F96HEWVX6I'),
(52, 'Michael Harris', '1988-09-17', 'FEMALE', 'thorntonstephen@example.com', '89963715497', 'BX7ANVU9LD'),
(53, 'Wesley Anderson', '1986-06-25', 'FEMALE', 'jameslawson@example.net', '89806630512', 'HHQA2XH2AE'),
(54, 'Jacqueline Bowers', '1993-11-29', 'FEMALE', 'lunasheri@example.org', '89941643630', 'NZ9CLK4HMP'),
(55, 'Jason Sanchez', '1973-05-28', 'MALE', 'josephnguyen@example.net', '89103631882', 'EWQTNR2EEM'),
(56, 'John Kaufman', '1964-03-12', 'FEMALE', 'victoria76@example.com', '89891277129', 'V7SXO0T87A'),
(57, 'Vanessa Calhoun', '1971-07-09', 'MALE', 'ruthkhan@example.com', '89318612496', 'M57I6JZZ0P'),
(58, 'Kathy Adkins', '2002-04-04', 'FEMALE', 'mdavis@example.net', '89860020820', 'QY12GLBI5Y'),
(59, 'Jennifer Martin', '1989-06-22', 'FEMALE', 'jclark@example.com', '89534337275', '8FPW71UEIW'),
(60, 'Christopher Wagner', '2004-07-09', 'FEMALE', 'timothygordon@example.net', '89443812487', 'WY4XFRBZ8K'),
(61, 'Stacy Martinez', '1997-12-20', 'FEMALE', 'smcmahon@example.com', '89832144077', 'JVLCS5DPHA'),
(62, 'Carol Gray', '1963-07-19', 'FEMALE', 'catherine98@example.org', '89841444533', '9URV41ZK0U'),
(63, 'Jennifer Johnson', '1961-12-06', 'FEMALE', 'kimmaria@example.net', '89957543601', 'WGA0RH0CH6'),
(64, 'Natalie Lyons', '1991-04-13', 'FEMALE', 'carriechung@example.net', '89325887480', 'KZ7D1N3G48'),
(65, 'Tyler Powell', '2006-01-25', 'FEMALE', 'ushort@example.com', '89265779723', 'X71VZPFMG1'),
(66, 'Robert Gonzales', '1973-10-21', 'FEMALE', 'marylyons@example.com', '89317491055', 'H36TS4FXO7'),
(67, 'Christopher Johnson', '1994-07-12', 'MALE', 'mark14@example.org', '89933941928', 'XAD9UDW535'),
(68, 'Megan Watkins', '2000-05-09', 'FEMALE', 'mhale@example.com', '89853964231', '5LR6OPJP2G'),
(69, 'Nancy Ramos', '1985-02-03', 'MALE', 'markkelly@example.com', '89282430461', '3XBRUPJZFM'),
(70, 'Joseph Nelson', '1984-11-25', 'MALE', 'mariawright@example.com', '89247687915', 'HZ06KC8KLZ'),
(71, 'Derek Lewis', '1992-04-12', 'MALE', 'richardsonlaura@example.net', '89968825044', 'LWQ98CZC37'),
(72, 'Erin Sawyer', '2001-01-29', 'FEMALE', 'donaldsmith@example.org', '89312154585', '9UDGOUT4EV'),
(73, 'Joseph Garner', '1991-04-18', 'FEMALE', 'farrelltracy@example.com', '89991073128', 'HN9RRTAC9W'),
(74, 'Ernest Miller', '1965-02-18', 'FEMALE', 'orichards@example.org', '89351080384', 'I7LKZ3N5MU'),
(75, 'Gina Brooks', '1979-07-29', 'FEMALE', 'summer09@example.com', '89755692443', 'Q1SMUO1R5D'),
(76, 'Matthew Beck', '1977-08-19', 'MALE', 'jamesshort@example.net', '89155205803', 'WDKAR8FKJV'),
(77, 'Teresa Carter', '1966-04-22', 'MALE', 'brandonhorne@example.com', '89119474228', 'TJ9TZUMIS0'),
(78, 'Curtis Fisher', '1986-11-13', 'FEMALE', 'deannabradley@example.com', '89782715045', 'YUYPX62NED'),
(79, 'Christopher Bennett', '1976-05-23', 'FEMALE', 'kellylowe@example.com', '89176647968', 'WKL6UJDZ4S'),
(80, 'Jeff Hensley', '1976-05-21', 'FEMALE', 'longmonica@example.org', '89352146356', '8AT3MW61BM'),
(81, 'Ryan Rivera', '2001-04-29', 'MALE', 'zcervantes@example.net', '89512320448', 'XRUOW5MS0W'),
(82, 'Emily Noble DDS', '1966-07-29', 'MALE', 'mackenziemartin@example.org', '89729452767', 'WX3SOHB4NG'),
(83, 'Susan Johnson', '1990-03-04', 'FEMALE', 'kaylasalazar@example.net', '89389077608', 'UCDB3TNO4K'),
(84, 'Terry Jones', '1981-06-07', 'MALE', 'michaelrichardson@example.net', '89161506624', 'UPEO7G9WUH'),
(85, 'Andrea Diaz', '1979-07-26', 'FEMALE', 'hessregina@example.com', '89385899509', 'NR3ENGMNXB'),
(86, 'Christopher Newton', '1984-11-01', 'MALE', 'charles34@example.net', '89274865714', 'BQQAOLXSG9'),
(87, 'Samuel Olsen', '1987-09-13', 'FEMALE', 'jerrywong@example.net', '89127314702', '90YL3JT2CZ'),
(88, 'Kevin Jones', '1974-10-21', 'MALE', 'rstone@example.net', '89544330084', 'HDNPL95HC9'),
(89, 'Charles Smith', '1981-05-10', 'MALE', 'huntdiane@example.com', '89468337404', 'MBD1YKNR8U'),
(90, 'Amanda Proctor', '1970-05-24', 'FEMALE', 'watkinsjulie@example.com', '89513515628', 'DHU546FE56'),
(91, 'James Washington', '1963-03-11', 'MALE', 'josephthomas@example.net', '89509588370', 'AKTIW3RQXP'),
(92, 'James Silva', '2005-06-19', 'FEMALE', 'terri98@example.com', '89166982291', 'CCG3EMGD1R'),
(93, 'Rachel Brown', '1966-02-03', 'FEMALE', 'olara@example.com', '89432911337', 'AIT1K131IU'),
(94, 'Henry Johnson', '1981-08-21', 'MALE', 'ureyes@example.com', '89990658923', 'RDGWL4W84Z'),
(95, 'Bridget Ford', '1994-01-29', 'MALE', 'freed@example.org', '89567939166', 'JSOJTIH7V5'),
(96, 'Ernest Payne', '1968-06-16', 'FEMALE', 'warrenchristopher@example.net', '89188812021', 'VLJGCLBKJ2'),
(97, 'Sophia Sanchez PhD', '1964-07-28', 'FEMALE', 'torreschristopher@example.net', '89957265305', '4KDKUQKPGX'),
(98, 'Erika Johnson', '1970-10-12', 'FEMALE', 'kenneth99@example.org', '89370489816', '5N1LHC9L6R'),
(99, 'Lawrence Carter', '1973-04-13', 'MALE', 'patrick84@example.org', '89316812481', '80EBNZV414'),
(100, 'Anthony Cuevas', '2002-05-17', 'MALE', 'singhmary@example.net', '89867814803', 'LN01ENORNX'),
(101, 'Ronald Johnson', '1996-07-05', 'MALE', 'oconnorshawn@example.net', '89392758542', 'MIRV8ZUAMG'),
(102, 'Shawna Bennett', '1996-11-24', 'FEMALE', 'monicarobinson@example.net', '89596784680', '9RGEENNU4E'),
(103, 'Robin Young', '1972-05-18', 'FEMALE', 'nrosario@example.net', '89618785517', 'HD21O034KB'),
(104, 'Alexis Shaffer', '1976-06-17', 'FEMALE', 'gail90@example.com', '89965576252', 'JTPU92N8Z6'),
(105, 'James Taylor', '1975-01-10', 'FEMALE', 'elliotthoward@example.org', '89680620315', 'Y8VF2E40OM'),
(106, 'Glenn Holder', '1972-05-08', 'FEMALE', 'samuelyoung@example.net', '89623908196', 'R46I0Q8QDW'),
(107, 'Brandon Harrison', '1998-06-07', 'MALE', 'nicole20@example.net', '89184317205', '8NBJ8LRA08'),
(108, 'Timothy Hernandez', '1970-09-17', 'FEMALE', 'lacey98@example.org', '89692795445', 'O4XF4XGYY7'),
(109, 'Andrew James', '2004-05-20', 'MALE', 'nathanstrong@example.net', '89737195437', '4O212LR9B7'),
(110, 'John Walters', '1986-08-29', 'FEMALE', 'alice48@example.org', '89425260207', 'V1GXB3G3N5'),
(111, 'Katherine Acosta', '1984-03-18', 'FEMALE', 'awatson@example.org', '89422625856', '83NFWSRKBE'),
(112, 'Nicole Jones', '1959-09-26', 'MALE', 'qgibson@example.com', '89678030972', '46MOVHASJL'),
(113, 'Michael Peterson', '1963-01-09', 'MALE', 'emily84@example.com', '89566986049', 'DY9MPPIY9K'),
(114, 'Pamela Morgan', '1960-08-10', 'MALE', 'todddyer@example.net', '89776068899', 'X87WXAWEAW'),
(115, 'Anthony Burton', '1984-11-09', 'MALE', 'tina14@example.org', '89263218630', 'FFEQDSTWOB'),
(116, 'Michelle Leonard', '2000-08-09', 'FEMALE', 'james83@example.org', '89421893813', 'IKOASG65I3'),
(117, 'Erik Fisher', '1986-09-09', 'MALE', 'davidrose@example.org', '89664517852', 'GJW19L2EC0'),
(118, 'Ryan Wilson', '1995-05-29', 'FEMALE', 'cheryl93@example.org', '89994965074', '3O9QK5W5M5'),
(119, 'Dawn Briggs', '1966-08-03', 'FEMALE', 'christiansmith@example.net', '89362161314', 'NRVUSV7OIZ'),
(120, 'Lori Rowe', '1987-03-05', 'FEMALE', 'hchapman@example.org', '89395733314', 'J5P7FMC76D'),
(121, 'Jean Swanson', '1988-04-20', 'FEMALE', 'nathan77@example.org', '89393557165', 'EESH0ORTJH'),
(122, 'Melissa Humphrey', '2002-03-15', 'MALE', 'donaldallen@example.com', '89786388419', '0L7YY4BBZE'),
(123, 'Elijah Hudson', '1996-01-23', 'FEMALE', 'michaelvaldez@example.net', '89829168120', 'IOTFNAMKKA'),
(124, 'Jill Blair', '2004-12-08', 'FEMALE', 'nicole24@example.net', '89639392076', 'T7H7150VDD'),
(125, 'Christian Hill', '1971-12-22', 'FEMALE', 'hillzachary@example.com', '89674268142', 'L3VGCJDYYQ'),
(126, 'Alan Hill', '1969-02-23', 'FEMALE', 'darrell07@example.net', '89883255584', 'QMAJY5NO53'),
(127, 'Todd Jenkins', '1997-09-11', 'FEMALE', 'yhodges@example.com', '89642323459', '30WLUI72JC'),
(128, 'Dorothy Khan', '1963-04-11', 'MALE', 'michellereeves@example.org', '89773748150', 'PLNKQUKKM0'),
(129, 'James Mendez', '2001-02-18', 'FEMALE', 'huertamargaret@example.org', '89549412563', 'LUJQV7OW50'),
(130, 'Richard Perez', '2003-12-08', 'FEMALE', 'hannah54@example.com', '89660866635', '9TGEJP1CWV'),
(131, 'Douglas Robinson', '1976-12-11', 'MALE', 'washingtonalex@example.net', '89956421067', 'UDJ799O95W'),
(132, 'Abigail Curtis', '1997-03-07', 'MALE', 'talexander@example.com', '89132223817', '7WJ2B765H2'),
(133, 'Tracy Sanchez', '1976-05-06', 'MALE', 'cainkelsey@example.net', '89981364419', 'V46A6IJFCM'),
(134, 'Jacob Brown', '1977-04-29', 'MALE', 'lmeyer@example.org', '89621333756', 'ENLX5T4JPL'),
(135, 'Jacob Myers', '1977-01-13', 'FEMALE', 'emilydalton@example.net', '89156147429', 'SAFJ5KZHKX'),
(136, 'Stephanie Mullins', '1984-04-03', 'MALE', 'xdickerson@example.org', '89834370211', '9G5N72ZX4A'),
(137, 'Debra Morales', '1968-02-05', 'MALE', 'jennifer19@example.net', '89818306963', 'M0E5WYHWVL'),
(138, 'Mrs. Olivia Travis', '2002-02-07', 'FEMALE', 'browntheodore@example.org', '89655306872', 'ZSNWQUPY30'),
(139, 'Joshua Sims', '1987-06-06', 'FEMALE', 'zchristensen@example.com', '89155794831', '6E5D5YE58I'),
(140, 'Adrian Terrell', '1993-06-24', 'MALE', 'zcook@example.net', '89940103524', 'U8M0YLUC23'),
(141, 'Lisa Flores', '1982-06-24', 'FEMALE', 'simpsonkayla@example.net', '89918559700', 'SEILL7Z78P'),
(142, 'Theodore Washington', '1970-06-28', 'FEMALE', 'smithkrista@example.org', '89193021961', 'RI91B08S0C'),
(143, 'Courtney Sullivan', '1980-02-07', 'MALE', 'uwatts@example.org', '89442753485', '8SNZEKT47I'),
(144, 'Russell Abbott', '1960-03-25', 'MALE', 'frances74@example.org', '89592286025', 'MIS94TOTQ1'),
(145, 'Terry Kerr', '1974-09-30', 'MALE', 'fhanson@example.com', '89378248653', '5KSEGKMG63'),
(146, 'Kayla Anderson', '1962-11-05', 'MALE', 'valeriecamacho@example.com', '89411789072', 'GNVA7I480K'),
(147, 'David Yu', '1979-11-20', 'MALE', 'jennifer43@example.net', '89819535429', 'JT6G7W0II3'),
(148, 'Ryan Moore', '1963-02-28', 'MALE', 'laura82@example.org', '89611336388', 'RZEUVDA817'),
(149, 'Stacey Gray', '2005-10-07', 'MALE', 'monteskatherine@example.net', '89366357616', 'S7NRFGKDYV'),
(150, 'Jillian Duncan', '1985-02-25', 'FEMALE', 'lisa17@example.org', '89701044170', '46ALAFUYIR'),
(151, 'Paul Macdonald', '1993-08-08', 'MALE', 'samuelfleming@example.org', '89433913740', 'UVZ54ZZS2S'),
(152, 'Anthony Hernandez', '1995-07-06', 'FEMALE', 'stewartjennifer@example.org', '89177205650', 'MPYHD3Z42U'),
(153, 'Rachel Hogan', '1992-12-22', 'MALE', 'pwilson@example.com', '89129603355', '1QQ5G33AKE'),
(154, 'Melinda Ramirez', '1997-08-02', 'FEMALE', 'tjones@example.com', '89693822429', 'JSXDECOWRJ'),
(155, 'Scott Kelly', '1987-11-12', 'FEMALE', 'glovertanner@example.net', '89698998624', 'UPJ2MSN8UU'),
(156, 'Mr. John Perry', '1999-10-16', 'FEMALE', 'woodsstephen@example.org', '89468518479', 'OSAZE98C0R'),
(157, 'Curtis Clark', '1969-01-04', 'MALE', 'pettytiffany@example.org', '89418258371', 'M9SLNTRVIM'),
(158, 'Todd Dean', '1994-05-15', 'MALE', 'anthonyvargas@example.org', '89175501797', 'MZB850E5SU'),
(159, 'Charles Donovan', '1993-03-07', 'MALE', 'lellis@example.com', '89652255496', 'XD242TT8ZA'),
(160, 'Lisa Kennedy', '1962-08-09', 'MALE', 'andrewrobinson@example.net', '89226211318', 'Q5OK2SW5V3'),
(161, 'Wendy Davidson', '2000-11-14', 'MALE', 'francisco24@example.org', '89760084298', 'H3A4LZWJMC'),
(162, 'Jeffrey Lopez', '1995-07-25', 'FEMALE', 'mcgeeelizabeth@example.com', '89380452208', 'M33TH4VHV7'),
(163, 'Alexandria Middleton', '1960-04-18', 'FEMALE', 'rothjoseph@example.net', '89838228626', '890YLYASJ1'),
(164, 'Sarah Evans', '2005-07-06', 'MALE', 'kathy01@example.net', '89803877416', '1RXQHQDAXD'),
(165, 'William Jones', '1990-02-13', 'FEMALE', 'gglenn@example.org', '89839612100', 'UHQZJVB15Z'),
(166, 'Rita Jones', '1988-03-17', 'MALE', 'hillwesley@example.net', '89135797841', '0JUXPJO2X1'),
(167, 'Luis Warren', '1969-10-29', 'FEMALE', 'holtlindsay@example.org', '89921707283', '8GKWZFQ8DU'),
(168, 'Donna Odom', '1997-06-04', 'FEMALE', 'james47@example.org', '89436762303', 'LY1432MV2E'),
(169, 'Cynthia Wilson', '1979-09-30', 'MALE', 'tyler37@example.net', '89441457072', 'YWZ7QA2715'),
(170, 'Erin Pruitt DDS', '1976-11-12', 'FEMALE', 'christinelarson@example.org', '89544896541', 'Y4M5OHVQH3'),
(171, 'Mark Richardson', '2000-09-02', 'FEMALE', 'kallen@example.net', '89261784508', '48QSAQQ3TI'),
(172, 'Craig Gomez', '1958-03-02', 'MALE', 'masonmurphy@example.org', '89576331800', 'MUKJK5D4YI'),
(173, 'Benjamin Novak', '1958-09-27', 'MALE', 'jamesgibson@example.net', '89292721249', 'UUXY37MPVN'),
(174, 'David Matthews', '1995-10-29', 'FEMALE', 'gjones@example.com', '89194926316', 'Z10KTZGQZH'),
(175, 'Stephanie Dean', '1995-05-24', 'FEMALE', 'hughesjonathan@example.org', '89667486132', 'EEANU781IA'),
(176, 'Caleb Williams', '1976-09-17', 'FEMALE', 'thomasgeorge@example.net', '89706624360', 'PV7EGR6SWE'),
(177, 'Daisy Wilkinson', '1963-04-10', 'FEMALE', 'aimee15@example.com', '89959111115', '6647049AX4'),
(178, 'Anthony Wilson', '1988-08-21', 'FEMALE', 'esanchez@example.org', '89425880709', 'O90W3JA7L1'),
(179, 'Jessica Bennett', '1959-05-05', 'FEMALE', 'denise07@example.net', '89198807121', 'XSCMMHPT0O'),
(180, 'Natalie Gutierrez', '1967-10-31', 'MALE', 'sarahcampbell@example.com', '89373794721', 'XCNBX6P4P6'),
(181, 'Sabrina Cooper', '2002-03-16', 'FEMALE', 'richard25@example.org', '89909016305', 'SFHOS3TFTZ'),
(182, 'Katherine Phillips', '1984-01-10', 'FEMALE', 'hcasey@example.net', '89181517613', '10CBHLG49K'),
(183, 'Catherine Mcknight', '2002-05-28', 'FEMALE', 'olee@example.org', '89673979923', '6BBW4HGOB9'),
(184, 'Tara Weaver', '1965-01-03', 'FEMALE', 'sethmartinez@example.net', '89964278591', 'XF3JWFT7WL'),
(185, 'Kyle Turner', '1962-02-21', 'FEMALE', 'kgriffin@example.org', '89913296167', 'ZF7QKKE6IA'),
(186, 'Jordan Davis', '1985-06-08', 'MALE', 'xbrewer@example.org', '89825038066', 'C2HC95LHK4'),
(187, 'Kristi Williams', '1977-12-31', 'MALE', 'wwoods@example.com', '89324586242', 'JZ9GZL5RQW'),
(188, 'Gloria Schroeder', '1993-09-18', 'FEMALE', 'michaelwoodard@example.org', '89400208220', 'SZITFUF2E4'),
(189, 'Michelle Guzman', '1986-01-13', 'MALE', 'dhoover@example.org', '89905250120', '0U135SVRSS'),
(190, 'Mary Ballard', '1984-10-20', 'FEMALE', 'rsmith@example.org', '89646871549', 'KWHLY259V3'),
(191, 'Roger Wilkerson', '1968-06-16', 'FEMALE', 'stephenfowler@example.org', '89857601288', 'K3H6NQL9TL'),
(192, 'James Gates', '1975-07-07', 'MALE', 'rcox@example.net', '89718006323', 'P53TTAGRZ6'),
(193, 'Timothy Leblanc DVM', '1999-05-29', 'MALE', 'anthonymason@example.org', '89740840401', '9P7CYSM66E'),
(194, 'Zachary Jackson', '2005-11-17', 'FEMALE', 'gjenkins@example.com', '89214767071', 'MR9MHIP4ID'),
(195, 'Tyler Butler', '1999-03-16', 'MALE', 'scott10@example.com', '89723903188', 'DWOICNN13I'),
(196, 'Elizabeth White', '1998-08-01', 'FEMALE', 'cartersean@example.net', '89486860627', 'N8XU0DXJUM'),
(197, 'Tyler Huff', '1959-07-14', 'MALE', 'jenkinstammy@example.org', '89371006347', '0P1R1GIJEO'),
(198, 'Matthew Becker', '1977-01-22', 'FEMALE', 'colleen83@example.org', '89878058578', 'M7OHYOJMCW'),
(199, 'Samantha Yoder', '1972-04-07', 'MALE', 'martinkayla@example.net', '89973049830', 'PKMG3JCOI7'),
(200, 'Samantha Walker', '1990-08-20', 'FEMALE', 'harveyandrew@example.com', '89277189597', 'HADQHCDW0P'),
(201, 'Theresa Velazquez', '1970-02-04', 'FEMALE', 'ccastro@example.net', '89485005814', '2I7VA2B6YZ'),
(202, 'Steve Boone', '1990-12-12', 'MALE', 'angela43@example.org', '89705538364', 'NP5QOT36K0'),
(203, 'Lisa Gibbs', '1968-06-23', 'FEMALE', 'denisehenderson@example.com', '89571341643', 'WJX9G16C6K'),
(204, 'Mrs. Jennifer Romero', '1976-02-20', 'FEMALE', 'juansmith@example.net', '89528700192', 'NWRU9U7GBJ'),
(205, 'Joseph Butler', '1964-02-23', 'FEMALE', 'derrickmartinez@example.net', '89774649188', 'WAWDBBKBRI'),
(206, 'Sarah Rogers', '1985-04-02', 'FEMALE', 'trancarolyn@example.net', '89434248598', 'KKHPJ3HC6A'),
(207, 'Eric Brady', '1997-04-13', 'FEMALE', 'jerryjohnson@example.net', '89335205756', 'HYW863AQT7'),
(208, 'Robert Rodriguez', '1968-11-27', 'FEMALE', 'zkelly@example.com', '89286554255', '0G6T19O95Y'),
(209, 'Christopher Joseph', '1971-04-16', 'FEMALE', 'candice60@example.net', '89483280391', 'BM3KHUL3S1'),
(210, 'Kent Walker', '1965-04-10', 'FEMALE', 'jking@example.org', '89298988563', 'NB6LQSKOFW'),
(211, 'Mariah Lee', '1966-08-04', 'MALE', 'lauren80@example.org', '89445061302', 'CVRQUB4024'),
(212, 'Alyssa Woods', '1994-02-26', 'MALE', 'harrisbetty@example.org', '89380628537', 'FKNREOVHE7'),
(213, 'Jeffrey Murphy', '1978-10-05', 'MALE', 'dakotasmith@example.com', '89220754337', '29NY1GN0BG'),
(214, 'Harold Carter', '1958-06-03', 'FEMALE', 'tiffanyhernandez@example.org', '89438546495', 'QB9GTXSKSX'),
(215, 'Jamie Martinez', '1958-07-12', 'MALE', 'ronald45@example.org', '89130438883', 'VDKCNELNP8'),
(216, 'Tina Maynard', '1982-08-15', 'MALE', 'cody12@example.net', '89423342659', 'LV4CTVFJ5E'),
(217, 'Christopher Haynes', '1988-02-08', 'FEMALE', 'paul05@example.net', '89774731671', 'PVKQZMI01J'),
(218, 'David Morse', '1969-03-25', 'FEMALE', 'qjohnson@example.org', '89384352936', 'YKTRMEWOO2'),
(219, 'Breanna Cisneros MD', '1980-03-26', 'MALE', 'dennisvasquez@example.net', '89892485919', 'J5ADXLU0GA'),
(220, 'Laurie Brown', '1994-11-21', 'FEMALE', 'kylegriffin@example.org', '89887988793', '5LRP4ZG8GD'),
(221, 'Daniel Bailey', '1972-07-31', 'FEMALE', 'jeremy19@example.com', '89975585419', 'VV0CQMSZHB'),
(222, 'Brad Wright', '1988-02-03', 'FEMALE', 'iangilmore@example.com', '89369888859', 'ML4HHZMQ7P'),
(223, 'Julia Patel', '1994-03-07', 'FEMALE', 'acostamichael@example.org', '89304389487', '6RXPTQKT8Q'),
(224, 'Daniel Kirk', '1959-02-17', 'FEMALE', 'benitezkathy@example.com', '89971829663', 'UONMD8UKLN'),
(225, 'Laura Riley', '1982-12-27', 'FEMALE', 'mgordon@example.com', '89193654373', '6N09L25XO5'),
(226, 'Rodney Morris', '1961-06-24', 'MALE', 'thomas64@example.org', '89458567487', 'I79MAAYBZO'),
(227, 'Ana Bush', '1977-01-09', 'MALE', 'toddjamie@example.net', '89534020619', 'Z06WT05SVY'),
(228, 'Nicole Wright', '1962-04-25', 'MALE', 'zlawrence@example.com', '89507422655', 'YTPYWLCY6M'),
(229, 'Steven Martinez', '1968-10-21', 'MALE', 'isweeney@example.net', '89610894813', '9R12VU92JY'),
(230, 'Stephanie Morton', '1981-06-11', 'MALE', 'bdunn@example.org', '89550595309', '843ZYRZKDX'),
(231, 'Robert Nguyen', '1993-03-29', 'MALE', 'santiagojonathan@example.org', '89779733756', '8FN78SZTOR'),
(232, 'Alexis Conway', '1964-04-26', 'MALE', 'zgarcia@example.org', '89759200726', '9UEWASYTBZ'),
(233, 'Ashley Lucero', '1966-04-13', 'MALE', 'zbrooks@example.org', '89762393589', '95QL26T63P'),
(234, 'Leah Howard', '1963-10-09', 'MALE', 'david51@example.com', '89777946318', 'AMAOKBNNPD'),
(235, 'Tony Smith', '1986-06-05', 'MALE', 'browntony@example.net', '89885794955', 'B7FLVNRF0Z'),
(236, 'Kimberly Rodriguez', '1995-01-16', 'MALE', 'timothyfisher@example.net', '89157864779', 'J3M05TF4AM'),
(237, 'Madison Mercado', '1992-06-21', 'FEMALE', 'unorris@example.net', '89609074431', 'UT3BKVBILX'),
(238, 'Caleb Miranda', '1971-02-03', 'FEMALE', 'rogerspencer@example.org', '89490955550', 'JN7309NO68'),
(239, 'Benjamin Chan', '1983-09-04', 'MALE', 'martinezandrea@example.org', '89176516423', '8O2HMH1JHX'),
(240, 'Yolanda Townsend', '1959-11-12', 'MALE', 'robinjohnson@example.com', '89128748900', '2WUXY1BEP9'),
(241, 'Maria Cooper', '1960-02-18', 'FEMALE', 'vpalmer@example.net', '89504055161', 'CPTNS0DUCU'),
(242, 'Theresa Evans', '1962-03-05', 'FEMALE', 'matthewpaul@example.net', '89636215320', '7Q3WWT36BP'),
(243, 'Robert Pratt', '1977-06-23', 'MALE', 'ewilson@example.com', '89690340265', 'KAR8PDG1E0'),
(244, 'Jeffery Watson', '1990-03-12', 'MALE', 'zhoward@example.net', '89921723357', 'XHIDK2BJ4F'),
(245, 'Lisa Davis', '1977-03-21', 'FEMALE', 'bryantdeborah@example.org', '89923209371', 'WXYOTBJ3MA'),
(246, 'Brittany Choi', '1987-12-27', 'MALE', 'samantha07@example.net', '89264554169', '43IXIJ2D98'),
(247, 'Christopher Ryan', '1979-08-23', 'FEMALE', 'connie98@example.net', '89669442786', '62JKEPB64W'),
(248, 'Christopher Anderson', '1977-08-22', 'MALE', 'joseph80@example.net', '89349086437', '8Y8YK2AGZC'),
(249, 'Emily Ford', '1992-07-18', 'MALE', 'veronica56@example.net', '89589992662', 'CUNOYYGHFD'),
(250, 'Paige Miller', '1972-09-05', 'FEMALE', 'shawn94@example.com', '89508978878', '2SGQRRBT5A'),
(251, 'Francisco Griffin', '1992-11-20', 'FEMALE', 'ericlee@example.net', '89633581891', 'E2TKRS431V'),
(252, 'Jeffery Cooper', '1999-07-01', 'FEMALE', 'hillcynthia@example.com', '89786374155', 'YZKHFD24B7'),
(253, 'Jessica Lowe', '1995-09-26', 'FEMALE', 'browndavid@example.org', '89760811813', 'USFF5BS100'),
(254, 'Christina Leach', '1972-04-16', 'MALE', 'jenniferrojas@example.net', '89165992316', '2NE4M3WMUR'),
(255, 'Matthew Johnson', '1999-03-29', 'FEMALE', 'olivia41@example.net', '89952367976', 'JYTEWZA4YQ'),
(256, 'Ivan Jones', '1980-06-23', 'MALE', 'bellshane@example.com', '89132196542', '39GXZ5C822'),
(257, 'Michelle Vasquez', '1963-03-17', 'MALE', 'ypark@example.net', '89197922461', 'DUP4P656DB'),
(258, 'Susan King', '2002-07-27', 'MALE', 'martinsawyer@example.org', '89790844714', 'W2LRP1ZS9C'),
(259, 'Kathleen Mccormick', '1994-08-25', 'MALE', 'snash@example.org', '89385971138', '9350EYWRWB'),
(260, 'Joseph Ramirez', '1993-08-29', 'MALE', 'hollysnyder@example.org', '89277626496', '24YS1TY3H9'),
(261, 'Matthew Wells', '1964-05-25', 'MALE', 'gcarlson@example.org', '89593303530', 'L2J0HJBWY7'),
(262, 'Ashley Bass', '1980-07-23', 'MALE', 'uwashington@example.com', '89643674680', '52TYQR04VH'),
(263, 'Jeremy Smith', '1958-10-04', 'MALE', 'ohobbs@example.org', '89460138299', 'NHNQAZJQAK'),
(264, 'Peter Villa', '1989-06-12', 'MALE', 'tiffanygardner@example.org', '89343943358', 'N8EK2RW95U'),
(265, 'John Hamilton', '1970-10-25', 'MALE', 'wmay@example.net', '89426347994', '3SCQUUW0AP'),
(266, 'Amanda Banks', '1983-07-27', 'FEMALE', 'elizabeth83@example.net', '89466598060', 'Q1PDH80VL3'),
(267, 'Christopher Grimes', '2001-03-14', 'MALE', 'rileyjacqueline@example.net', '89594073812', 'UT439V3SXZ'),
(268, 'Stephanie Cunningham MD', '1964-07-08', 'FEMALE', 'nterry@example.org', '89854789473', 'CCXB9KAND2'),
(269, 'Ryan Lee', '2004-01-10', 'FEMALE', 'irodriguez@example.net', '89387774618', '3543NHX3GG'),
(270, 'John Meyer', '1997-09-18', 'FEMALE', 'davisrachel@example.net', '89631164864', 'U0ZGSCP5NR'),
(271, 'Julia Walker', '1980-04-30', 'MALE', 'daniellecarey@example.org', '89232268286', 'G0IMNC87L3'),
(272, 'David Watts', '1977-12-01', 'FEMALE', 'cassandra21@example.org', '89232574279', 'QGN8ZXH4N8'),
(273, 'Christine Love', '1997-07-13', 'MALE', 'amysnyder@example.org', '89125013947', 'G6JFUUY34D'),
(274, 'Andrew Cummings', '1966-01-01', 'MALE', 'sbrown@example.net', '89597432231', '736MV2GTNT'),
(275, 'Joseph Green', '1983-10-17', 'FEMALE', 'jeffreyharris@example.net', '89259222355', '4F9IF0Z9CE'),
(276, 'Yesenia Robbins', '1989-02-16', 'FEMALE', 'thomasgrimes@example.com', '89260045396', '00D3JXL1CT'),
(277, 'Gregory Moreno', '1968-03-02', 'MALE', 'jessicarodriguez@example.net', '89679127840', 'OBIIJ5FQIN'),
(278, 'Jennifer Curry', '1973-04-21', 'FEMALE', 'fparker@example.org', '89394490009', '46NBZUEFPC'),
(279, 'Chad Walker', '1979-12-19', 'FEMALE', 'markpugh@example.com', '89796896182', '3GDA8U8KVT'),
(280, 'Connie Johnson', '1963-02-27', 'MALE', 'meganashley@example.com', '89901327980', 'PJO3PY8M0Q'),
(281, 'Phillip Olson', '1982-05-01', 'MALE', 'bedwards@example.com', '89379858979', 'QE0LYO3PBE'),
(282, 'Robert Bennett', '1995-11-22', 'FEMALE', 'karlsimmons@example.net', '89211588575', 'NG0G0VAPBU'),
(283, 'Justin Williams', '1982-08-08', 'FEMALE', 'courtneyjames@example.org', '89489760522', 'H9DT4G1899'),
(284, 'Anthony Wilcox', '1964-03-29', 'FEMALE', 'kevinsantos@example.net', '89288922130', 'YA4GL1HJ9D'),
(285, 'Christine Cross', '1997-02-18', 'MALE', 'paulstacey@example.com', '89660282937', 'ZB93DIJI08'),
(286, 'Jennifer Nguyen', '1966-02-22', 'MALE', 'dennis75@example.net', '89621529860', 'UDWNH8YCKG'),
(287, 'Lindsay Spencer', '1971-07-19', 'MALE', 'nelsonlarry@example.com', '89601603687', '490F7I9FC9'),
(288, 'Thomas Brown', '2003-10-18', 'MALE', 'yparsons@example.com', '89294170450', 'YWAWMCI051'),
(289, 'Brittany Davila', '1997-02-18', 'FEMALE', 'ojackson@example.org', '89394052699', 'FW72HVR71T'),
(290, 'Carolyn Carey', '1985-06-22', 'FEMALE', 'john88@example.org', '89284781698', 'ODLPXHNZRP'),
(291, 'Ashley Fernandez', '1960-05-31', 'FEMALE', 'elizabeth99@example.org', '89689568444', 'V5FPL76RSD'),
(292, 'Kayla Mann', '1976-02-13', 'MALE', 'joanna17@example.com', '89663589793', 'R3D6UQC2GV'),
(293, 'James Obrien', '1967-05-01', 'MALE', 'brobinson@example.net', '89628459813', 'W5RDM9YZ6H'),
(294, 'James Gardner', '1993-07-24', 'MALE', 'igomez@example.org', '89801287854', '6D4CEQNZAB'),
(295, 'Nichole Stewart', '1965-03-24', 'MALE', 'kingmarcus@example.org', '89871741356', 'XWYYUVD7HY'),
(296, 'Franklin Welch', '1984-05-27', 'MALE', 'kingjames@example.net', '89786331713', 'LHAVT6EKAL'),
(297, 'Jennifer Chavez', '1997-04-09', 'MALE', 'dana10@example.com', '89541077028', 'TWI8ATZDY3'),
(298, 'Yesenia Douglas', '1976-08-29', 'FEMALE', 'john44@example.org', '89821749657', '8QAFP1FIDA'),
(299, 'Bradley Calderon', '1986-05-24', 'FEMALE', 'garciamichael@example.com', '89455863284', 'CA0F9VGNQZ'),
(300, 'Derek Hernandez', '2005-01-26', 'MALE', 'robertmercer@example.org', '89698704308', '64BCQIBLIQ'),
(301, 'Sophia Roberts', '1961-02-08', 'FEMALE', 'lweaver@example.com', '89798633544', 'Z72EI05IFO'),
(302, 'Anthony Foster', '1978-04-30', 'MALE', 'jonathanwilliams@example.com', '89413736301', 'NFVA4LUYTB'),
(303, 'Cory Schwartz', '1963-06-22', 'MALE', 'bryanvelasquez@example.com', '89518569957', 'HZTWCTTZVB'),
(304, 'Willie Gonzales', '1966-08-24', 'FEMALE', 'holly45@example.com', '89161266805', 'H4N0HKQCJB'),
(305, 'Edwin Scott', '1998-06-14', 'FEMALE', 'jeanellis@example.net', '89689777708', 'DH4EWOE25Z'),
(306, 'Nathaniel Mitchell', '1984-09-20', 'MALE', 'melody04@example.net', '89505176075', 'V8XGY7M3T6'),
(307, 'Jasmine Santos', '1989-12-09', 'MALE', 'sjones@example.org', '89554298941', 'EZ7LYHK32L'),
(308, 'Anne Cruz', '1972-06-21', 'FEMALE', 'jamieadams@example.com', '89115311763', '73EURUARHT'),
(309, 'Allen Kelley', '1998-09-24', 'FEMALE', 'robertclark@example.com', '89938373369', 'M8FT4JT8Z4'),
(310, 'Andrew Brown', '1976-08-04', 'MALE', 'alexandra55@example.net', '89345801722', 'MAMC6Q6BX9'),
(311, 'Jacob Wu', '1974-02-25', 'FEMALE', 'hendersonjessica@example.net', '89774892409', '2X9Z2RS8RM'),
(312, 'Bonnie Walters', '1965-08-14', 'MALE', 'amberbrown@example.net', '89499052297', 'SIH9IX0XXU'),
(313, 'Brad Patel', '1991-10-02', 'FEMALE', 'garciathomas@example.com', '89983269371', '1LVNGRDWIR'),
(314, 'April Guerra', '1989-08-17', 'MALE', 'nathaniel07@example.com', '89781475291', 'MN0F1DTDGX'),
(315, 'Stephanie Woods', '1985-10-15', 'FEMALE', 'ymitchell@example.com', '89605930867', '4WI0MX6MZ7'),
(316, 'Vanessa King', '1983-01-29', 'MALE', 'yatesbrandon@example.com', '89820508472', '1V5PWXG671'),
(317, 'Jesus Moreno', '1974-12-08', 'FEMALE', 'brandy11@example.com', '89704259413', 'SD97APVIXT'),
(318, 'Brian Graham', '1972-10-17', 'FEMALE', 'michael35@example.com', '89188446712', 'XU1DGS35OL'),
(319, 'Erik Schmidt', '1989-03-18', 'FEMALE', 'jmartin@example.net', '89667995837', 'LGIH6E3ENG'),
(320, 'Nathan Johnson', '1975-04-02', 'FEMALE', 'carolynanderson@example.net', '89955691452', 'Y006AFYKH6'),
(321, 'Joshua Barr', '1990-04-14', 'MALE', 'stephaniefernandez@example.net', '89809570568', 'D8QDRKBUNY'),
(322, 'Oscar Woods', '2000-01-29', 'FEMALE', 'williamsmark@example.net', '89124776223', 'QNRWIQVZ9T'),
(323, 'Raymond Randall', '2005-01-23', 'FEMALE', 'danielhernandez@example.org', '89696383521', 'Y1HA77AD3N'),
(324, 'Brian Hill', '1971-07-02', 'MALE', 'ywood@example.net', '89125591588', 'IR07FHO2U5'),
(325, 'Nicholas Bailey', '2000-10-10', 'FEMALE', 'kaylafowler@example.com', '89555845151', 'OLO0PPNYL2'),
(326, 'Heather Torres', '1971-12-18', 'FEMALE', 'donaldwilliams@example.com', '89220478603', 'ZRAT8IXZL0'),
(327, 'Julie Austin', '1966-06-10', 'MALE', 'qbrown@example.com', '89420468902', 'U2Z63RJZTC'),
(328, 'Leah Fields', '1987-10-12', 'MALE', 'yhuffman@example.com', '89283844610', 'C82J3RFANH'),
(329, 'Sheryl Haley', '1963-04-11', 'FEMALE', 'benjaminfox@example.org', '89260885633', 'X4KLENIN52'),
(330, 'Daniel Hernandez', '1992-05-10', 'FEMALE', 'alvarezjenny@example.org', '89118317867', 'HWKI2DT6BG'),
(331, 'William Payne', '1969-02-28', 'FEMALE', 'rgibson@example.com', '89284232476', 'XDPXGBPLLW'),
(332, 'Michele Schmidt', '1996-06-07', 'FEMALE', 'keithruiz@example.com', '89351550254', '7EJI9AVV4X'),
(333, 'Christina Yang', '1981-10-13', 'MALE', 'westanthony@example.org', '89656127502', 'DU1961PFJ6'),
(334, 'Katherine Garcia', '1973-12-09', 'FEMALE', 'paulwalters@example.org', '89519085457', 'X2AS8OE2AM'),
(335, 'Adam Hughes', '1971-10-21', 'FEMALE', 'danielwong@example.net', '89917441061', 'SXWPMEH619'),
(336, 'Heather Orr', '1966-04-21', 'MALE', 'smithbryan@example.com', '89769067006', '00H7MRVDLA'),
(337, 'Carla Gonzalez', '1962-11-28', 'FEMALE', 'garyturner@example.net', '89163596378', 'P3INR6SLPV'),
(338, 'Joel Johnson', '1985-02-19', 'FEMALE', 'montoyaashley@example.org', '89587851375', 'EZUAQRRYUY'),
(339, 'Seth Pitts', '2000-12-25', 'FEMALE', 'simmonsnancy@example.net', '89673031844', 'WXQZTX6139'),
(340, 'Laura Miller', '1979-08-20', 'FEMALE', 'monicaschwartz@example.org', '89842038940', 'D303OU9JK5'),
(341, 'Joshua Johnson', '2000-10-11', 'MALE', 'raymondhuerta@example.org', '89160978240', '1UMV7XCOOZ'),
(342, 'Lawrence Kim', '1962-06-12', 'MALE', 'alexis70@example.net', '89525455203', 'C5S99P8V42'),
(343, 'Teresa Hernandez', '1986-04-29', 'MALE', 'swilliams@example.net', '89885515592', '79VFWCQ5NK'),
(344, 'Travis Gill', '1962-01-01', 'FEMALE', 'jennifermoore@example.org', '89779492110', 'UKX13WIN3V'),
(345, 'William Montoya', '1958-07-12', 'FEMALE', 'kevin96@example.com', '89362792736', 'VPPKKFBAIC'),
(346, 'Jennifer Miller', '1980-08-10', 'FEMALE', 'malonebarbara@example.com', '89854053878', 'HRXL25TSGV'),
(347, 'Laura Campbell', '1972-10-17', 'FEMALE', 'timothy63@example.org', '89885118032', 'OFKLEH9Y8C'),
(348, 'Taylor Franklin', '1967-12-01', 'MALE', 'kimberlymarks@example.net', '89544886343', 'XWV2T4XIOT'),
(349, 'Elizabeth Miller', '1999-10-05', 'MALE', 'owilliams@example.com', '89388069237', 'LFYY3LOPXC'),
(350, 'Julie Davis', '1990-05-08', 'FEMALE', 'pglover@example.com', '89721445887', 'PFSZ9116KW'),
(351, 'Emily Johnson', '1999-03-20', 'MALE', 'richard60@example.com', '89751644963', 'HA5G1NQEGV'),
(352, 'Michael Warren', '1982-03-19', 'MALE', 'brownandrew@example.com', '89638656814', 'WR4GUN396C'),
(353, 'Paul Torres', '1973-08-31', 'FEMALE', 'brittanywhite@example.net', '89475742897', '32YWQF9S4C'),
(354, 'Jennifer Horton', '2004-05-19', 'MALE', 'jessicalopez@example.com', '89559931314', 'VX5W8YX4LQ'),
(355, 'Elizabeth Rodriguez', '1994-03-06', 'MALE', 'martinezclaudia@example.org', '89285307221', '81BDEJ4P17'),
(356, 'Heather Norton', '1993-08-17', 'MALE', 'michealbradley@example.com', '89979591877', 'AR7DDTQ01J'),
(357, 'Kevin King', '1984-01-12', 'FEMALE', 'stewartzachary@example.net', '89197426866', 'PQ87D40RPM'),
(358, 'Jesse Brown', '1972-08-27', 'FEMALE', 'phillipseric@example.com', '89453171570', 'GP8MIS3VGC'),
(359, 'William Hunter', '1965-03-09', 'MALE', 'qmccarthy@example.com', '89981221220', 'W4K4AIZRP5'),
(360, 'Sharon Johnson', '1983-09-15', 'MALE', 'parkerlaura@example.com', '89859097744', '2V7A5EVV53'),
(361, 'Jessica Garcia', '1982-10-28', 'FEMALE', 'reneerogers@example.org', '89528715945', '31X47BAEOC'),
(362, 'Cathy Ellis', '1962-01-03', 'MALE', 'jennifer66@example.net', '89129220193', 'KWK2N3IA65'),
(363, 'John Gibson', '2005-04-17', 'FEMALE', 'imay@example.com', '89855747600', 'TO5WBEGV0T'),
(364, 'Samantha Ortega', '1997-11-02', 'FEMALE', 'lewisedwin@example.net', '89841753860', 'A87E6BCLZC'),
(365, 'Michael Buchanan', '2002-04-28', 'MALE', 'daniel89@example.com', '89670260706', 'S8KS085F8W'),
(366, 'John Williams', '1981-04-02', 'MALE', 'emilymartinez@example.com', '89319236337', '8FUJ903C83'),
(367, 'Christine Dean', '1964-07-01', 'FEMALE', 'alison83@example.org', '89102710976', 'T2WDL8N7MT'),
(368, 'Mrs. Samantha Brown', '2001-09-15', 'FEMALE', 'yandersen@example.com', '89780560667', 'N6ETV8E7HH'),
(369, 'Kristi Hall', '2004-08-17', 'FEMALE', 'elliottrichard@example.net', '89661393508', '5D49PYIR6L'),
(370, 'Daniel Hayden', '1986-09-26', 'MALE', 'aguzman@example.com', '89664042682', 'XQXC9WJ4R1'),
(371, 'Tara Simmons', '1966-10-10', 'MALE', 'ahill@example.net', '89178331930', 'CNPAQU4RBE'),
(372, 'Michelle Michael', '1999-08-28', 'FEMALE', 'kennethevans@example.com', '89218376652', '1ZZIPMV4OK'),
(373, 'Donald Franco', '1976-04-15', 'FEMALE', 'nbaker@example.com', '89173739149', 'V4HC0ETO9H'),
(374, 'Albert Watson', '1976-07-17', 'FEMALE', 'russoerin@example.org', '89727706688', '0FL9GOYQ8M'),
(375, 'Rebecca Brown', '1997-02-24', 'MALE', 'cynthiajimenez@example.org', '89716952255', 'U6E5W55I9O'),
(376, 'James Beck', '1991-10-25', 'MALE', 'jonathansharp@example.org', '89572350423', 'LPBXQQ1OL9'),
(377, 'James Bruce', '1987-04-18', 'MALE', 'pmorrison@example.org', '89525570817', 'Z7TD74WB51'),
(378, 'Wendy Gardner', '1999-11-02', 'MALE', 'crawfordsteven@example.net', '89677227144', '7KJC8G24PZ'),
(379, 'Ashley Wood', '1993-03-04', 'MALE', 'jamespowers@example.org', '89807309479', 'F0G4SH5IP1'),
(380, 'Hannah Brady', '1985-02-12', 'FEMALE', 'samuelhenson@example.net', '89291123236', 'MEEVJ99MTF'),
(381, 'Brad Robinson', '1980-05-25', 'MALE', 'tli@example.org', '89862762368', 'ZKLXOW4WZ9'),
(382, 'Ronald Anderson', '1986-07-30', 'FEMALE', 'erinjohnson@example.org', '89828766643', 'G1KENHQLF0'),
(383, 'Tracy Medina', '1966-09-05', 'FEMALE', 'wangpaula@example.org', '89235388966', 'TKXCO9S1MX'),
(384, 'Christian Meyer', '1984-01-04', 'FEMALE', 'kromero@example.com', '89473915594', '8IPCMP6YDL'),
(385, 'Joshua Koch', '1960-05-22', 'MALE', 'estradabrittany@example.org', '89386035938', 'G3GFGWHS6Q'),
(386, 'Christopher Fischer', '1964-05-31', 'FEMALE', 'sarahcole@example.com', '89566516333', '3FRP21I166'),
(387, 'Derek Martin', '1979-04-11', 'FEMALE', 'ibooth@example.org', '89624403390', 'BT6ECO4MCH'),
(388, 'Mrs. Rachel Cobb', '1992-01-16', 'FEMALE', 'cardenasadam@example.net', '89180543730', '8P7LNF3Q01'),
(389, 'Douglas Lopez', '1958-07-30', 'FEMALE', 'timothy37@example.net', '89841075137', 'WILBTR6HGX'),
(390, 'Jose West', '1974-08-18', 'MALE', 'fmcdonald@example.org', '89284127985', 'AN2UBXV86I'),
(391, 'Johnny Anderson', '2000-06-06', 'FEMALE', 'ronniewilliams@example.com', '89994419266', 'T3AHAOX6FC'),
(392, 'Lisa Drake', '1980-07-12', 'MALE', 'michellemartin@example.org', '89766489401', 'PHMON9DTUS'),
(393, 'Ryan Keller', '1969-04-19', 'MALE', 'whitejason@example.com', '89241306589', '1OB67HVK9X'),
(394, 'Thomas Martin', '1960-01-21', 'MALE', 'annabrooks@example.com', '89132575798', 'VSHTQPRQGH'),
(395, 'Kevin Alexander', '1971-04-06', 'FEMALE', 'bmahoney@example.net', '89731511392', 'CCWIZ4K2J1'),
(396, 'Ronald Pena', '1994-11-08', 'MALE', 'robinsonkayla@example.net', '89832254331', 'TRLOAO1TUA'),
(397, 'Kayla Murillo', '1982-03-05', 'FEMALE', 'christopher80@example.org', '89532880993', 'MZOEPP117P'),
(398, 'Brenda Payne', '1998-04-06', 'FEMALE', 'gjames@example.org', '89308524979', 'AIC5HXUALH'),
(399, 'Jason Allen', '1979-09-02', 'FEMALE', 'zbenton@example.com', '89710024247', 'DN6MUNKM4C'),
(400, 'Thomas Garcia', '1972-08-12', 'FEMALE', 'lkoch@example.com', '89749318828', 'D0IPVYAQEM'),
(401, 'Christopher Nicholson', '1990-05-29', 'MALE', 'maria85@example.net', '89907828089', 'BR0V9MAXF6'),
(402, 'Ms. Kimberly Mccann MD', '2002-10-14', 'FEMALE', 'mcdanielnicholas@example.com', '89736062921', '63SRYXX4AY'),
(403, 'John Bailey', '1982-01-28', 'FEMALE', 'jstafford@example.org', '89691794340', 'B8JFKB9C12'),
(404, 'Robert Carroll', '1964-11-18', 'MALE', 'robinsonrachel@example.org', '89843306991', 'T2ISL45GQN'),
(405, 'Matthew Sweeney', '1965-04-18', 'FEMALE', 'trobertson@example.com', '89826346527', 'SUBNX1MVOE'),
(406, 'Brian Fowler', '1988-09-20', 'MALE', 'jchurch@example.org', '89134106158', 'QL1RZK1AL6'),
(407, 'Mary Jensen', '1981-08-29', 'MALE', 'david39@example.net', '89504777543', '9699NL2YXP'),
(408, 'Damon Price', '1986-03-22', 'FEMALE', 'ruthbrewer@example.org', '89832243898', '6NN6K6T8SK'),
(409, 'Jeffrey Merritt', '1983-01-25', 'FEMALE', 'calvin34@example.org', '89702725605', 'PHNUA6P7QZ'),
(410, 'John Becker', '1991-04-06', 'FEMALE', 'williamskenneth@example.net', '89111166728', '57C2DUV3WJ'),
(411, 'Lynn Owens', '1978-12-19', 'FEMALE', 'coopermisty@example.com', '89417667133', '3MC9RQKIRP'),
(412, 'Kenneth Lynch', '1989-12-24', 'MALE', 'renee04@example.net', '89324589471', 'DK5237WZSX'),
(413, 'George Clark', '1965-12-27', 'FEMALE', 'paulfernandez@example.org', '89733747632', '48AUK0HYDN'),
(414, 'Charles Johnson', '2005-01-08', 'MALE', 'bill98@example.org', '89680782553', 'TQC2LEZC9Y'),
(415, 'Danielle Walker', '1959-01-25', 'FEMALE', 'marycrawford@example.org', '89651441375', '89G0THYLYW'),
(416, 'Paul Maxwell', '1973-07-09', 'FEMALE', 'hansenkatie@example.org', '89402566934', '7YCSTM9DY9'),
(417, 'Andrew Bowen', '1965-05-07', 'MALE', 'ncordova@example.com', '89831551727', '3ZPTGWK6KO'),
(418, 'Sharon Jordan', '1997-09-22', 'FEMALE', 'jacksonbrian@example.net', '89841310139', '4ZQZZZKXO1'),
(419, 'Nathan Ingram', '1968-11-26', 'MALE', 'dillonmartin@example.com', '89904921783', 'X0AV9DCSQF'),
(420, 'David Brown', '1975-10-22', 'FEMALE', 'mariasanchez@example.net', '89487110954', 'DHSR0T0NHR'),
(421, 'Shane Johnson', '1960-09-22', 'FEMALE', 'vbaldwin@example.com', '89882432944', 'CFTXUE12OD'),
(422, 'Kathryn Flores', '2003-03-12', 'MALE', 'robert56@example.org', '89539665127', 'L6FJL78G3X'),
(423, 'Adam Wilson', '1960-07-19', 'MALE', 'maryhart@example.org', '89711315568', 'KMT6NANGI0'),
(424, 'Mario Chandler', '1976-10-19', 'FEMALE', 'colechristina@example.org', '89412049459', 'V2QKX8EI1N'),
(425, 'Brittany Knox', '1961-04-18', 'FEMALE', 'tammyward@example.com', '89571037032', 'ORTVNFNW1Y'),
(426, 'Hannah Smith', '1960-04-15', 'FEMALE', 'olsonjessica@example.org', '89210597173', 'OVCC53QOU2'),
(427, 'Travis Snyder', '1974-12-02', 'MALE', 'iwheeler@example.org', '89874432341', '24N0JPAHIV'),
(428, 'Sarah Huffman', '1985-01-25', 'FEMALE', 'christinamejia@example.com', '89524511943', '97664QSHCK'),
(429, 'Kelly Brooks', '1992-06-22', 'FEMALE', 'tylergreer@example.net', '89893035777', 'MTD442XZA3'),
(430, 'Joseph Wilson', '1975-02-17', 'FEMALE', 'andradewilliam@example.org', '89917564671', '8DPWBUSN5K'),
(431, 'Andrew Thomas', '1985-02-28', 'FEMALE', 'richardsonbenjamin@example.net', '89264703376', 'J0GP2YDY6M'),
(432, 'Jonathan Padilla', '1965-05-17', 'MALE', 'bryantdeborah@example.net', '89150207213', 'WUD5T47D3P'),
(433, 'Dr. Mark Shepard', '1972-02-01', 'MALE', 'dmartinez@example.org', '89490018719', 'Z0BULV8GKR'),
(434, 'Dr. John Shields', '1989-02-12', 'FEMALE', 'davidjohnson@example.net', '89675371607', '1GREAM88GH'),
(435, 'Leslie Bell', '1982-04-10', 'MALE', 'sullivanjohn@example.net', '89443639156', 'LZKVQGOOV0'),
(436, 'Justin Johnson', '1986-09-22', 'FEMALE', 'christopher11@example.net', '89407584256', 'R5I25LJPA0'),
(437, 'Michael Hickman', '1976-04-04', 'FEMALE', 'rprice@example.com', '89433398905', 'MT7VBKLPXC'),
(438, 'Audrey Rose', '1958-09-06', 'MALE', 'zrodriguez@example.net', '89660882601', '2GMOIVY8GE'),
(439, 'Kimberly Butler', '1992-08-08', 'MALE', 'kimberlycopeland@example.org', '89613683081', 'MVTS9ESIDS'),
(440, 'Danielle Rodriguez', '1995-03-23', 'FEMALE', 'stephen53@example.org', '89275255318', '55CNQAG3Q5'),
(441, 'Wendy Chavez', '2003-09-23', 'MALE', 'dthomas@example.com', '89190981793', '3ZZZ6AFL3A'),
(442, 'Christopher Monroe', '1964-07-07', 'FEMALE', 'martinezdaniel@example.com', '89712158180', 'YN974GXEI4'),
(443, 'Vincent Fitzpatrick', '1974-12-26', 'FEMALE', 'christinasaunders@example.com', '89407695525', '1PXNJSWWAE'),
(444, 'Michelle Miller', '1988-05-09', 'FEMALE', 'cooperlori@example.net', '89503959729', 'EV6UV155MV'),
(445, 'Jasmine Sparks', '2000-02-04', 'MALE', 'judy50@example.com', '89527106759', 'NKNJYWDUU6'),
(446, 'Kristin Adams', '1967-08-19', 'MALE', 'uray@example.org', '89351491305', 'SWNMAX5UNE'),
(447, 'Dr. Nicole Smith MD', '1982-11-27', 'FEMALE', 'uholloway@example.net', '89467880650', 'CQ8KUZ9VJP'),
(448, 'Lauren Smith', '1969-04-04', 'MALE', 'ronnie78@example.com', '89764731798', 'FYTN1DNS5U'),
(449, 'Carly Brooks', '1996-05-06', 'FEMALE', 'mccarthybarbara@example.com', '89384788539', 'DIIWTWDHVN'),
(450, 'Benjamin Turner', '1985-04-07', 'MALE', 'chavezlaura@example.org', '89564286082', 'TJ82C3X1CW'),
(451, 'Michael Schmidt DDS', '1980-08-08', 'MALE', 'wilsonlisa@example.com', '89220138867', 'YUM957R787'),
(452, 'April Wade', '1965-01-23', 'FEMALE', 'mackenzie76@example.org', '89707142921', 'W3SHTZKLNC'),
(453, 'Bruce Lopez', '2005-01-03', 'MALE', 'mlittle@example.org', '89594214925', 'UNOT6CH6ZG'),
(454, 'Connie Savage', '1991-01-02', 'MALE', 'hannahpitts@example.org', '89801043225', 'OHBDA09PMF'),
(455, 'Gregory Koch', '1966-08-27', 'FEMALE', 'millerjames@example.com', '89772876389', '3H5RGU6HFN'),
(456, 'Sharon Bennett', '1995-10-06', 'FEMALE', 'zhenderson@example.com', '89499854540', '4BPTPQCBUH'),
(457, 'Bobby Alvarado', '1979-10-11', 'MALE', 'samanthatran@example.net', '89440506926', 'YJ4QZQVKYF'),
(458, 'Tiffany Gray', '1990-02-14', 'MALE', 'noah51@example.org', '89757759549', '9BBTCR91YT'),
(459, 'Michael Anderson', '1986-10-05', 'FEMALE', 'velazquezsusan@example.com', '89456831451', 'WK4QD8U4LS'),
(460, 'Lauren Hernandez', '1977-03-13', 'FEMALE', 'dwhite@example.net', '89605949057', 'RMOSYBJUCF'),
(461, 'Taylor Lopez', '1986-09-05', 'MALE', 'cpollard@example.net', '89711438803', 'WCO81F8LDY'),
(462, 'Harold Obrien', '1979-06-19', 'MALE', 'cruzlogan@example.org', '89987792866', 'K29P7G3FVA'),
(463, 'Isaac Woods', '1989-04-02', 'FEMALE', 'kimberlywade@example.net', '89496744083', '6J8J9A6VO1'),
(464, 'Kenneth Avila', '1983-04-30', 'MALE', 'brookssusan@example.com', '89748370446', 'JWTPM72ZEK'),
(465, 'Jacob Mendoza', '1971-06-17', 'FEMALE', 'adamshaley@example.org', '89291873686', 'WL95N50SAJ'),
(466, 'Charlene House', '1980-10-24', 'MALE', 'johnsonjennifer@example.org', '89508204496', '1QNCBPM9CG'),
(467, 'Kendra Johnson', '1996-09-06', 'FEMALE', 'manuel56@example.org', '89791761498', 'GLXAAZ17M5'),
(468, 'Christopher Figueroa', '1968-01-26', 'MALE', 'falexander@example.net', '89915350561', '8JSPJKAO1Y'),
(469, 'Stephen Burton', '1984-02-17', 'FEMALE', 'bradleybaldwin@example.com', '89279799949', '329GEWU5YB'),
(470, 'Timothy Sanford', '1987-11-26', 'FEMALE', 'crose@example.org', '89235991859', '8V47M7MI7M'),
(471, 'Randy Graves', '1986-07-10', 'FEMALE', 'jeffrey30@example.org', '89330789440', 'A1SANCBLB3'),
(472, 'Joel Smith', '1981-01-10', 'MALE', 'ffuentes@example.com', '89938850380', '5JQWEOBNDT'),
(473, 'Kevin Watts', '1999-06-04', 'FEMALE', 'sheltonjames@example.com', '89710788822', 'FMB5OT9BZY'),
(474, 'Michelle Aguilar', '1997-05-18', 'MALE', 'mark89@example.net', '89454993404', 'DX01X43P6B'),
(475, 'Benjamin Weber', '1998-05-09', 'MALE', 'annaterry@example.org', '89266977721', 'NB2DHKKB71'),
(476, 'Kyle Carpenter', '1974-04-22', 'MALE', 'erogers@example.net', '89423825736', 'AXO24O2FEJ'),
(477, 'Amy Crawford', '1965-10-14', 'FEMALE', 'troy70@example.com', '89617313244', 'VNZEETGT6O'),
(478, 'Jessica Hoffman', '1981-03-23', 'FEMALE', 'lmyers@example.org', '89335319210', 'U83W1T04DB'),
(479, 'Jason Jones', '1984-03-28', 'FEMALE', 'raymondrobert@example.net', '89733283624', 'V3TNQQLF1W'),
(480, 'Michelle Lopez', '1980-05-08', 'MALE', 'madeline22@example.com', '89885056133', 'SV2UK0X90I'),
(481, 'Alexis Carson', '2003-07-24', 'MALE', 'jacqueline40@example.com', '89601918664', 'DGPKD08PJC'),
(482, 'Daryl Myers', '1960-01-05', 'MALE', 'montgomerymark@example.org', '89413803199', 'GY0DO5VB3C'),
(483, 'Jeffrey Brown', '1971-08-12', 'MALE', 'msimon@example.org', '89744531902', 'A4HVZBWVNU'),
(484, 'Amy Stephenson', '1980-07-15', 'FEMALE', 'dscott@example.net', '89883398612', 'J6AAUHUEUA'),
(485, 'Robert Jones', '1964-04-16', 'FEMALE', 'dustin23@example.net', '89270206968', '3MT62W9T3Z'),
(486, 'Ernest Smith', '1986-10-28', 'FEMALE', 'carlos95@example.net', '89852744204', 'O6YL3ASQWU'),
(487, 'Emily Espinoza PhD', '1989-11-22', 'FEMALE', 'nicholaswilliams@example.org', '89700710654', 'IWM57QHNPK'),
(488, 'Melissa Sanders', '1991-08-14', 'FEMALE', 'kayla84@example.org', '89692101677', 'W6N1T2LO7R'),
(489, 'Tara Stewart', '1973-11-19', 'FEMALE', 'dorseytodd@example.net', '89730254987', 'F7JP4MT3D0'),
(490, 'Rhonda Burns', '1995-07-01', 'FEMALE', 'vangdanielle@example.net', '89182547617', 'A4U4V9OGXQ'),
(491, 'Kenneth Clark', '1998-07-19', 'FEMALE', 'charlesjacobs@example.org', '89110511037', 'TD9WF565C9'),
(492, 'Sandra Roberts', '1959-07-13', 'MALE', 'medinawesley@example.com', '89797960486', 'WIRNB4KVD7'),
(493, 'Kyle Reed', '1971-04-16', 'FEMALE', 'taylorhoffman@example.com', '89338683724', '6CSLR0XB7U'),
(494, 'Caroline Williams', '1983-03-19', 'MALE', 'kevin04@example.net', '89576610774', '43662GPI2M'),
(495, 'Mark Summers', '1960-06-07', 'FEMALE', 'pjones@example.com', '89600395546', 'X4BPCSSIC5'),
(496, 'Justin Acevedo', '1979-07-23', 'MALE', 'vmartinez@example.net', '89130176825', '0JFV52YRUV'),
(497, 'Emily Russell', '1981-07-26', 'MALE', 'cynthia79@example.com', '89548794166', 'OG9O199JS8'),
(498, 'Denise Shepherd', '2003-04-07', 'FEMALE', 'ngraham@example.org', '89185709339', 'O8VPTO8TZV'),
(499, 'Gina Torres', '1990-03-18', 'MALE', 'rayjames@example.com', '89507802063', 'GXYQX7QBI7'),
(500, 'Gary Garcia', '1996-02-03', 'MALE', 'scotthowell@example.org', '89157861838', '7U9EBSG37M');

INSERT INTO car (id, year_of_release, model, colour) VALUES
(1, '2016-08-24', 'BMW_M5_CS', 'Khaki'),
(2, '2015-08-15', 'BMW_M4_COMPETITION', 'Ivory'),
(3, '2022-09-29', 'BMW_M5_CS', 'Orchid'),
(4, '2021-06-04', 'BMW_i8', 'DarkGray'),
(5, '2017-01-13', 'BMW_M5_CS', 'Aquamarine'),
(6, '2020-11-16', 'BMW_M5_COMPETITION', 'RosyBrown'),
(7, '2018-01-09', 'BMW_M8_COMPETITION_COUPE', 'PaleGoldenRod'),
(8, '2014-10-18', 'BMW_M5_COMPETITION', 'DarkRed'),
(9, '2019-05-04', 'BMW_M4_COMPETITION', 'PapayaWhip'),
(10, '2015-05-21', 'BMW_M5_COMPETITION', 'PaleGoldenRod'),
(11, '2017-05-28', 'BMW_i8', 'DarkOrange'),
(12, '2020-01-18', 'BMW_M4_COMPETITION', 'Violet'),
(13, '2019-04-12', 'BMW_M4_COMPETITION', 'Tan'),
(14, '2018-05-25', 'BMW_M4_COMPETITION', 'LightSlateGray'),
(15, '2023-01-15', 'BMW_M4_COMPETITION', 'LightGray'),
(16, '2016-06-24', 'BMW_i8', 'Purple'),
(17, '2021-09-18', 'BMW_M4_COMPETITION', 'DarkOrange'),
(18, '2022-04-16', 'BMW_i8', 'DarkOrange'),
(19, '2020-10-22', 'BMW_i8', 'Aqua'),
(20, '2014-10-04', 'BMW_M5_CS', 'LightSalmon'),
(21, '2016-06-30', 'BMW_M4_COMPETITION', 'SaddleBrown'),
(22, '2020-10-01', 'BMW_i8', 'Pink'),
(23, '2014-12-28', 'BMW_M5_COMPETITION', 'LightYellow'),
(24, '2014-07-14', 'BMW_M8_COMPETITION_COUPE', 'DarkCyan'),
(25, '2021-09-16', 'BMW_M5_CS', 'SeaGreen'),
(26, '2016-03-10', 'BMW_M8_COMPETITION_COUPE', 'Maroon'),
(27, '2023-08-02', 'BMW_M5_CS', 'BlanchedAlmond'),
(28, '2020-04-25', 'BMW_M5_CS', 'Lime'),
(29, '2021-12-11', 'BMW_i8', 'SandyBrown'),
(30, '2017-08-12', 'BMW_M8_COMPETITION_COUPE', 'SteelBlue'),
(31, '2021-07-06', 'BMW_M5_CS', 'LightSkyBlue'),
(32, '2023-02-24', 'BMW_M4_COMPETITION', 'HoneyDew'),
(33, '2023-10-03', 'BMW_M8_COMPETITION_COUPE', 'Purple'),
(34, '2015-11-03', 'BMW_M8_COMPETITION_COUPE', 'Gainsboro'),
(35, '2020-02-29', 'BMW_M5_COMPETITION', 'GreenYellow'),
(36, '2018-08-16', 'BMW_M8_COMPETITION_COUPE', 'LightSlateGray'),
(37, '2018-05-24', 'BMW_M5_COMPETITION', 'IndianRed'),
(38, '2019-11-08', 'BMW_M5_CS', 'SlateGray'),
(39, '2016-06-16', 'BMW_M5_COMPETITION', 'DarkSlateGray'),
(40, '2021-08-27', 'BMW_M4_COMPETITION', 'LawnGreen'),
(41, '2017-10-20', 'BMW_M8_COMPETITION_COUPE', 'Maroon'),
(42, '2021-11-03', 'BMW_M5_CS', 'Violet'),
(43, '2022-05-14', 'BMW_M5_CS', 'OldLace'),
(44, '2014-12-22', 'BMW_M5_CS', 'Silver'),
(45, '2019-10-29', 'BMW_M5_CS', 'Aquamarine'),
(46, '2018-10-25', 'BMW_M4_COMPETITION', 'OldLace'),
(47, '2020-05-29', 'BMW_M5_COMPETITION', 'Wheat'),
(48, '2022-07-27', 'BMW_i8', 'Moccasin'),
(49, '2016-04-14', 'BMW_M5_CS', 'DarkMagenta'),
(50, '2019-09-23', 'BMW_M4_COMPETITION', 'FloralWhite'),
(51, '2020-08-18', 'BMW_i8', 'Snow'),
(52, '2014-06-25', 'BMW_M4_COMPETITION', 'MediumSpringGreen'),
(53, '2018-02-27', 'BMW_M5_CS', 'DimGray'),
(54, '2016-09-23', 'BMW_M5_CS', 'LightCoral'),
(55, '2014-11-17', 'BMW_M8_COMPETITION_COUPE', 'Aqua'),
(56, '2020-10-23', 'BMW_M8_COMPETITION_COUPE', 'DarkOrange'),
(57, '2015-09-11', 'BMW_M4_COMPETITION', 'DarkSlateGray'),
(58, '2015-06-05', 'BMW_M4_COMPETITION', 'PaleVioletRed'),
(59, '2014-10-11', 'BMW_M8_COMPETITION_COUPE', 'Green'),
(60, '2021-04-10', 'BMW_M4_COMPETITION', 'DarkOrchid'),
(61, '2019-06-19', 'BMW_M8_COMPETITION_COUPE', 'FireBrick'),
(62, '2022-12-05', 'BMW_M5_CS', 'LightBlue'),
(63, '2015-07-05', 'BMW_M4_COMPETITION', 'Bisque'),
(64, '2022-01-16', 'BMW_M5_COMPETITION', 'SkyBlue'),
(65, '2021-08-17', 'BMW_M5_CS', 'PaleGreen'),
(66, '2015-10-04', 'BMW_M5_COMPETITION', 'Turquoise'),
(67, '2021-02-02', 'BMW_M5_COMPETITION', 'CadetBlue'),
(68, '2021-08-13', 'BMW_M8_COMPETITION_COUPE', 'Beige'),
(69, '2023-12-06', 'BMW_M4_COMPETITION', 'LightCoral'),
(70, '2020-12-19', 'BMW_M5_COMPETITION', 'White'),
(71, '2017-01-17', 'BMW_i8', 'LawnGreen'),
(72, '2017-07-28', 'BMW_i8', 'Beige'),
(73, '2016-08-10', 'BMW_M5_COMPETITION', 'GoldenRod'),
(74, '2020-10-24', 'BMW_M5_CS', 'GreenYellow'),
(75, '2023-02-05', 'BMW_i8', 'GhostWhite'),
(76, '2016-09-18', 'BMW_M5_CS', 'CadetBlue'),
(77, '2022-06-01', 'BMW_M5_CS', 'Maroon'),
(78, '2021-02-14', 'BMW_M5_COMPETITION', 'DarkGoldenRod'),
(79, '2020-06-17', 'BMW_i8', 'AliceBlue'),
(80, '2016-09-09', 'BMW_M5_COMPETITION', 'DarkBlue'),
(81, '2017-08-03', 'BMW_M5_COMPETITION', 'MediumVioletRed'),
(82, '2018-12-05', 'BMW_M5_COMPETITION', 'SaddleBrown'),
(83, '2016-06-06', 'BMW_M8_COMPETITION_COUPE', 'WhiteSmoke'),
(84, '2017-07-21', 'BMW_M5_CS', 'LimeGreen'),
(85, '2017-06-06', 'BMW_M5_COMPETITION', 'PapayaWhip'),
(86, '2014-11-02', 'BMW_M5_COMPETITION', 'DarkGray'),
(87, '2017-09-19', 'BMW_M8_COMPETITION_COUPE', 'LavenderBlush'),
(88, '2021-01-23', 'BMW_M8_COMPETITION_COUPE', 'SlateBlue'),
(89, '2022-01-22', 'BMW_M5_CS', 'AntiqueWhite'),
(90, '2017-01-26', 'BMW_M5_CS', 'Linen'),
(91, '2019-03-02', 'BMW_M5_COMPETITION', 'LawnGreen'),
(92, '2022-05-01', 'BMW_M8_COMPETITION_COUPE', 'Red'),
(93, '2017-10-17', 'BMW_M5_CS', 'Blue'),
(94, '2020-09-11', 'BMW_i8', 'SaddleBrown'),
(95, '2020-09-07', 'BMW_M4_COMPETITION', 'Coral'),
(96, '2021-12-17', 'BMW_M5_COMPETITION', 'DarkOliveGreen'),
(97, '2021-06-13', 'BMW_M4_COMPETITION', 'DarkTurquoise'),
(98, '2016-06-10', 'BMW_M5_COMPETITION', 'Ivory'),
(99, '2019-07-22', 'BMW_i8', 'Wheat'),
(100, '2017-10-23', 'BMW_M8_COMPETITION_COUPE', 'Snow'),
(101, '2020-03-29', 'BMW_M5_CS', 'Black'),
(102, '2019-10-10', 'BMW_M5_COMPETITION', 'Bisque'),
(103, '2024-02-14', 'BMW_M5_COMPETITION', 'Snow'),
(104, '2017-12-24', 'BMW_M8_COMPETITION_COUPE', 'LightCyan'),
(105, '2017-07-06', 'BMW_M5_CS', 'Black'),
(106, '2019-04-17', 'BMW_M4_COMPETITION', 'Linen'),
(107, '2014-12-30', 'BMW_M8_COMPETITION_COUPE', 'LightSkyBlue'),
(108, '2019-04-18', 'BMW_M4_COMPETITION', 'DarkSlateBlue'),
(109, '2018-08-08', 'BMW_M5_CS', 'LightBlue'),
(110, '2022-07-07', 'BMW_M5_COMPETITION', 'MediumBlue'),
(111, '2016-10-04', 'BMW_M4_COMPETITION', 'YellowGreen'),
(112, '2017-09-05', 'BMW_M5_COMPETITION', 'LightYellow'),
(113, '2016-12-13', 'BMW_M5_CS', 'Magenta'),
(114, '2016-02-21', 'BMW_M8_COMPETITION_COUPE', 'SeaGreen'),
(115, '2020-10-01', 'BMW_M4_COMPETITION', 'CornflowerBlue'),
(116, '2016-09-12', 'BMW_M8_COMPETITION_COUPE', 'OliveDrab'),
(117, '2018-09-02', 'BMW_M8_COMPETITION_COUPE', 'CornflowerBlue'),
(118, '2018-07-07', 'BMW_i8', 'Orchid'),
(119, '2023-09-11', 'BMW_M4_COMPETITION', 'DarkSalmon'),
(120, '2017-05-27', 'BMW_i8', 'SeaShell'),
(121, '2019-05-04', 'BMW_M5_COMPETITION', 'LightCyan'),
(122, '2021-04-10', 'BMW_M5_CS', 'PaleTurquoise'),
(123, '2018-04-05', 'BMW_M4_COMPETITION', 'SlateGray'),
(124, '2023-06-29', 'BMW_M8_COMPETITION_COUPE', 'DarkTurquoise'),
(125, '2021-11-12', 'BMW_M4_COMPETITION', 'Indigo'),
(126, '2017-01-23', 'BMW_i8', 'Orange'),
(127, '2017-01-16', 'BMW_M8_COMPETITION_COUPE', 'Crimson'),
(128, '2015-02-28', 'BMW_M4_COMPETITION', 'NavajoWhite'),
(129, '2021-10-16', 'BMW_M5_CS', 'LightBlue'),
(130, '2017-06-08', 'BMW_M4_COMPETITION', 'DarkGreen'),
(131, '2021-11-21', 'BMW_M5_CS', 'DarkSlateGray'),
(132, '2020-09-02', 'BMW_M5_CS', 'MediumBlue'),
(133, '2022-03-06', 'BMW_M4_COMPETITION', 'LightPink'),
(134, '2019-10-10', 'BMW_M4_COMPETITION', 'MediumSpringGreen'),
(135, '2017-07-09', 'BMW_M5_COMPETITION', 'PaleGreen'),
(136, '2021-09-16', 'BMW_M5_CS', 'Green'),
(137, '2017-01-03', 'BMW_M8_COMPETITION_COUPE', 'OrangeRed'),
(138, '2018-09-02', 'BMW_M4_COMPETITION', 'DarkTurquoise'),
(139, '2023-07-08', 'BMW_i8', 'NavajoWhite'),
(140, '2023-01-01', 'BMW_i8', 'Indigo'),
(141, '2019-11-03', 'BMW_i8', 'SlateBlue'),
(142, '2019-02-13', 'BMW_M8_COMPETITION_COUPE', 'Teal'),
(143, '2021-06-30', 'BMW_M5_COMPETITION', 'FireBrick'),
(144, '2023-03-14', 'BMW_M8_COMPETITION_COUPE', 'Wheat'),
(145, '2016-12-30', 'BMW_M5_CS', 'PapayaWhip'),
(146, '2016-07-09', 'BMW_i8', 'Aqua'),
(147, '2015-02-27', 'BMW_M8_COMPETITION_COUPE', 'MediumTurquoise'),
(148, '2023-07-17', 'BMW_M5_COMPETITION', 'MediumTurquoise'),
(149, '2022-07-13', 'BMW_M5_COMPETITION', 'DarkSlateGray'),
(150, '2017-01-05', 'BMW_M5_COMPETITION', 'Olive'),
(151, '2020-06-23', 'BMW_M5_COMPETITION', 'Fuchsia'),
(152, '2016-06-22', 'BMW_M4_COMPETITION', 'Brown'),
(153, '2023-04-04', 'BMW_M8_COMPETITION_COUPE', 'PapayaWhip'),
(154, '2021-05-06', 'BMW_i8', 'DodgerBlue'),
(155, '2023-12-19', 'BMW_M8_COMPETITION_COUPE', 'Bisque'),
(156, '2014-08-21', 'BMW_i8', 'DarkViolet'),
(157, '2021-01-31', 'BMW_M4_COMPETITION', 'PaleGoldenRod'),
(158, '2019-12-17', 'BMW_M5_CS', 'OliveDrab'),
(159, '2020-03-29', 'BMW_M5_COMPETITION', 'PaleGreen'),
(160, '2017-02-27', 'BMW_M4_COMPETITION', 'DarkMagenta'),
(161, '2023-07-25', 'BMW_M8_COMPETITION_COUPE', 'Lime'),
(162, '2015-10-05', 'BMW_M5_CS', 'Lime'),
(163, '2016-12-14', 'BMW_M8_COMPETITION_COUPE', 'Lavender'),
(164, '2021-09-06', 'BMW_i8', 'WhiteSmoke'),
(165, '2021-10-19', 'BMW_M8_COMPETITION_COUPE', 'DarkOliveGreen'),
(166, '2018-04-02', 'BMW_M5_CS', 'Navy'),
(167, '2023-05-10', 'BMW_M5_COMPETITION', 'Yellow'),
(168, '2015-12-04', 'BMW_M8_COMPETITION_COUPE', 'Lavender'),
(169, '2019-09-23', 'BMW_M5_COMPETITION', 'PaleVioletRed'),
(170, '2021-01-02', 'BMW_M5_COMPETITION', 'MidnightBlue'),
(171, '2023-10-23', 'BMW_M5_COMPETITION', 'Maroon'),
(172, '2015-04-04', 'BMW_M5_COMPETITION', 'Gray'),
(173, '2017-11-16', 'BMW_M8_COMPETITION_COUPE', 'Khaki'),
(174, '2017-03-29', 'BMW_M5_CS', 'DarkGreen'),
(175, '2016-05-15', 'BMW_M8_COMPETITION_COUPE', 'Salmon'),
(176, '2020-02-14', 'BMW_i8', 'DarkGray'),
(177, '2019-11-16', 'BMW_i8', 'Ivory'),
(178, '2016-09-30', 'BMW_M5_COMPETITION', 'LightGoldenRodYellow'),
(179, '2021-12-12', 'BMW_M5_COMPETITION', 'BlanchedAlmond'),
(180, '2017-09-03', 'BMW_M8_COMPETITION_COUPE', 'LightBlue'),
(181, '2018-03-21', 'BMW_M8_COMPETITION_COUPE', 'DarkCyan'),
(182, '2018-07-16', 'BMW_M4_COMPETITION', 'MediumSeaGreen'),
(183, '2019-02-18', 'BMW_i8', 'Brown'),
(184, '2019-01-30', 'BMW_M4_COMPETITION', 'RosyBrown'),
(185, '2014-07-28', 'BMW_M5_CS', 'PeachPuff'),
(186, '2023-08-05', 'BMW_i8', 'Tomato'),
(187, '2016-12-21', 'BMW_M5_COMPETITION', 'OrangeRed'),
(188, '2023-04-11', 'BMW_M8_COMPETITION_COUPE', 'Azure'),
(189, '2018-06-15', 'BMW_M5_COMPETITION', 'WhiteSmoke'),
(190, '2021-02-13', 'BMW_i8', 'GhostWhite'),
(191, '2020-12-16', 'BMW_M5_CS', 'HoneyDew'),
(192, '2014-08-26', 'BMW_M8_COMPETITION_COUPE', 'Lime'),
(193, '2020-07-05', 'BMW_M4_COMPETITION', 'LightSalmon'),
(194, '2023-02-21', 'BMW_M4_COMPETITION', 'Maroon'),
(195, '2015-07-15', 'BMW_M8_COMPETITION_COUPE', 'DarkViolet'),
(196, '2022-10-14', 'BMW_i8', 'RoyalBlue'),
(197, '2017-05-21', 'BMW_i8', 'Blue'),
(198, '2015-10-24', 'BMW_M5_CS', 'Coral'),
(199, '2021-10-18', 'BMW_M8_COMPETITION_COUPE', 'LightGoldenRodYellow'),
(200, '2014-10-02', 'BMW_M5_CS', 'SeaShell'),
(201, '2023-04-18', 'BMW_M4_COMPETITION', 'DarkGreen'),
(202, '2019-05-09', 'BMW_M8_COMPETITION_COUPE', 'Black'),
(203, '2020-05-23', 'BMW_M4_COMPETITION', 'DarkOliveGreen'),
(204, '2014-08-04', 'BMW_M5_COMPETITION', 'DarkSlateGray'),
(205, '2016-03-11', 'BMW_M8_COMPETITION_COUPE', 'DarkGoldenRod'),
(206, '2019-01-11', 'BMW_M5_CS', 'RosyBrown'),
(207, '2020-10-03', 'BMW_M5_COMPETITION', 'Maroon'),
(208, '2023-08-30', 'BMW_M5_COMPETITION', 'LightGoldenRodYellow'),
(209, '2015-11-01', 'BMW_M8_COMPETITION_COUPE', 'MediumOrchid'),
(210, '2016-03-15', 'BMW_i8', 'Aquamarine'),
(211, '2021-10-09', 'BMW_M5_CS', 'LightSteelBlue'),
(212, '2020-03-24', 'BMW_M5_COMPETITION', 'DeepPink'),
(213, '2019-01-06', 'BMW_M8_COMPETITION_COUPE', 'DarkOrange'),
(214, '2017-07-21', 'BMW_M8_COMPETITION_COUPE', 'LightCyan'),
(215, '2018-02-03', 'BMW_i8', 'MediumSlateBlue'),
(216, '2023-11-18', 'BMW_i8', 'Yellow'),
(217, '2019-06-11', 'BMW_M4_COMPETITION', 'LightBlue'),
(218, '2018-10-28', 'BMW_M4_COMPETITION', 'YellowGreen'),
(219, '2020-07-31', 'BMW_M5_COMPETITION', 'MidnightBlue'),
(220, '2019-10-14', 'BMW_M5_COMPETITION', 'PaleGoldenRod'),
(221, '2016-04-28', 'BMW_M5_CS', 'WhiteSmoke'),
(222, '2022-08-20', 'BMW_i8', 'SlateGray'),
(223, '2015-12-21', 'BMW_M8_COMPETITION_COUPE', 'Sienna'),
(224, '2019-10-31', 'BMW_M5_CS', 'Magenta'),
(225, '2018-05-21', 'BMW_M5_COMPETITION', 'Magenta'),
(226, '2022-07-04', 'BMW_i8', 'LightCoral'),
(227, '2022-02-04', 'BMW_M8_COMPETITION_COUPE', 'LightGoldenRodYellow'),
(228, '2021-08-08', 'BMW_M5_CS', 'LightSalmon'),
(229, '2024-02-03', 'BMW_M5_CS', 'OrangeRed'),
(230, '2016-01-25', 'BMW_M4_COMPETITION', 'Peru'),
(231, '2020-06-22', 'BMW_M8_COMPETITION_COUPE', 'White'),
(232, '2016-12-19', 'BMW_M4_COMPETITION', 'IndianRed'),
(233, '2020-11-20', 'BMW_M5_CS', 'RoyalBlue'),
(234, '2018-07-21', 'BMW_i8', 'MediumAquaMarine'),
(235, '2014-06-05', 'BMW_M4_COMPETITION', 'MediumSeaGreen'),
(236, '2020-03-10', 'BMW_M5_COMPETITION', 'Peru'),
(237, '2019-08-31', 'BMW_M5_CS', 'DarkOliveGreen'),
(238, '2021-03-27', 'BMW_M8_COMPETITION_COUPE', 'Chartreuse'),
(239, '2014-08-10', 'BMW_M8_COMPETITION_COUPE', 'DarkCyan'),
(240, '2016-07-25', 'BMW_M5_CS', 'LightCyan'),
(241, '2016-08-05', 'BMW_M4_COMPETITION', 'Gainsboro'),
(242, '2019-05-27', 'BMW_M8_COMPETITION_COUPE', 'DarkSlateGray'),
(243, '2021-10-17', 'BMW_M5_COMPETITION', 'Chartreuse'),
(244, '2014-12-02', 'BMW_M5_COMPETITION', 'LightCyan'),
(245, '2014-11-29', 'BMW_i8', 'Tan'),
(246, '2020-10-08', 'BMW_M5_COMPETITION', 'DarkOliveGreen'),
(247, '2015-04-18', 'BMW_M5_CS', 'YellowGreen'),
(248, '2022-11-27', 'BMW_M4_COMPETITION', 'Sienna'),
(249, '2021-04-07', 'BMW_M5_COMPETITION', 'SeaGreen'),
(250, '2019-06-06', 'BMW_M8_COMPETITION_COUPE', 'Sienna'),
(251, '2014-06-02', 'BMW_M5_COMPETITION', 'Teal'),
(252, '2023-05-30', 'BMW_M5_COMPETITION', 'HoneyDew'),
(253, '2017-12-16', 'BMW_i8', 'RoyalBlue'),
(254, '2022-12-12', 'BMW_M4_COMPETITION', 'DarkOliveGreen'),
(255, '2015-01-28', 'BMW_M5_COMPETITION', 'DarkSeaGreen'),
(256, '2014-12-22', 'BMW_M5_COMPETITION', 'Cornsilk'),
(257, '2021-04-14', 'BMW_M5_COMPETITION', 'DarkSlateBlue'),
(258, '2018-05-12', 'BMW_M8_COMPETITION_COUPE', 'PeachPuff'),
(259, '2022-04-15', 'BMW_M4_COMPETITION', 'Teal'),
(260, '2020-07-02', 'BMW_i8', 'LightGreen'),
(261, '2016-03-28', 'BMW_M8_COMPETITION_COUPE', 'CornflowerBlue'),
(262, '2016-02-12', 'BMW_M8_COMPETITION_COUPE', 'Linen'),
(263, '2014-11-27', 'BMW_M5_CS', 'DarkGoldenRod'),
(264, '2022-07-13', 'BMW_i8', 'FloralWhite'),
(265, '2016-11-15', 'BMW_M8_COMPETITION_COUPE', 'MediumAquaMarine'),
(266, '2015-11-21', 'BMW_M5_COMPETITION', 'WhiteSmoke'),
(267, '2014-08-28', 'BMW_i8', 'Indigo'),
(268, '2021-08-26', 'BMW_M8_COMPETITION_COUPE', 'Khaki'),
(269, '2017-06-06', 'BMW_i8', 'LightPink'),
(270, '2021-04-13', 'BMW_M4_COMPETITION', 'MediumSpringGreen'),
(271, '2022-04-17', 'BMW_M4_COMPETITION', 'MistyRose'),
(272, '2015-11-06', 'BMW_M5_CS', 'Cyan'),
(273, '2017-05-05', 'BMW_M5_COMPETITION', 'OliveDrab'),
(274, '2023-03-29', 'BMW_M5_COMPETITION', 'Aqua'),
(275, '2017-06-06', 'BMW_M5_CS', 'Orchid'),
(276, '2015-06-30', 'BMW_M4_COMPETITION', 'Crimson'),
(277, '2023-08-26', 'BMW_M5_CS', 'MistyRose'),
(278, '2020-09-19', 'BMW_M5_CS', 'Turquoise'),
(279, '2017-03-24', 'BMW_M5_CS', 'Salmon'),
(280, '2014-06-26', 'BMW_M5_CS', 'Khaki'),
(281, '2015-01-16', 'BMW_i8', 'MediumVioletRed'),
(282, '2014-03-11', 'BMW_M8_COMPETITION_COUPE', 'BlanchedAlmond'),
(283, '2018-01-02', 'BMW_M4_COMPETITION', 'Violet'),
(284, '2014-08-21', 'BMW_M5_COMPETITION', 'Plum'),
(285, '2023-10-29', 'BMW_i8', 'Beige'),
(286, '2022-01-31', 'BMW_M5_CS', 'LightGoldenRodYellow'),
(287, '2019-03-03', 'BMW_M5_COMPETITION', 'Violet'),
(288, '2017-09-20', 'BMW_M8_COMPETITION_COUPE', 'Gray'),
(289, '2021-05-26', 'BMW_i8', 'LimeGreen'),
(290, '2022-07-14', 'BMW_M8_COMPETITION_COUPE', 'MediumTurquoise'),
(291, '2023-01-28', 'BMW_i8', 'DarkOrchid'),
(292, '2023-10-19', 'BMW_M5_CS', 'Khaki'),
(293, '2018-12-08', 'BMW_i8', 'DeepPink'),
(294, '2018-07-28', 'BMW_i8', 'LightSteelBlue'),
(295, '2016-05-20', 'BMW_M4_COMPETITION', 'ForestGreen'),
(296, '2017-09-30', 'BMW_M5_CS', 'DarkOrchid'),
(297, '2014-12-02', 'BMW_M5_COMPETITION', 'PaleGreen'),
(298, '2015-06-06', 'BMW_M8_COMPETITION_COUPE', 'LawnGreen'),
(299, '2022-07-16', 'BMW_i8', 'OliveDrab'),
(300, '2020-08-12', 'BMW_M5_CS', 'LightSkyBlue'),
(301, '2020-11-16', 'BMW_i8', 'LightGray'),
(302, '2015-01-31', 'BMW_M5_COMPETITION', 'SeaShell'),
(303, '2020-10-22', 'BMW_M8_COMPETITION_COUPE', 'DarkSalmon'),
(304, '2024-02-05', 'BMW_M8_COMPETITION_COUPE', 'Khaki'),
(305, '2014-09-11', 'BMW_M5_COMPETITION', 'DarkMagenta'),
(306, '2015-09-10', 'BMW_M5_COMPETITION', 'PaleGoldenRod'),
(307, '2018-09-19', 'BMW_M4_COMPETITION', 'SteelBlue'),
(308, '2016-03-24', 'BMW_M5_COMPETITION', 'DarkViolet'),
(309, '2016-09-21', 'BMW_M5_COMPETITION', 'Beige'),
(310, '2017-06-25', 'BMW_M4_COMPETITION', 'Thistle');

INSERT INTO car_dealership (id, name_car_dealership, email, phone_number, passcode) VALUES
(1, 'Powers-Smith', 'andrea08@example.org', '89611568616', 'MV3DPGV1VL'),
(2, 'Jimenez and Sons', 'courtney88@example.net', '89123738611', 'ROA0MDFXYK'),
(3, 'Miller-Robinson', 'silvadanielle@example.com', '89398685630', '5DH1IMBMNL'),
(4, 'Gallegos, Miles and Combs', 'jesseparker@example.net', '89410773317', '42B8I9Y3O7'),
(5, 'Hall, Wood and Tapia', 'geraldduran@example.org', '89149455633', '9GAWEZ23U7'),
(6, 'Howell, Fischer and Madden', 'wadejoseph@example.com', '89553698852', 'GTVVG2V0ZB'),
(7, 'Dennis, Alvarez and Martin', 'amyeverett@example.org', '89682946128', '4DG94L24UQ'),
(8, 'Hernandez LLC', 'glasssteve@example.com', '89287162087', 'JBX7I9F25B'),
(9, 'Mckinney, Henry and Christensen', 'colethomas@example.net', '89408970367', '0CNUPZDN7A'),
(10, 'Collins-Howell', 'fwhite@example.org', '89752487179', 'X6SMSNEROB'),
(11, 'Mcmahon, Scott and Anderson', 'monica10@example.com', '89720895086', 'RPW1L9V03K'),
(12, 'Richard LLC', 'donald31@example.org', '89107452002', 'YH28XJ3PRJ'),
(13, 'Walker, Valenzuela and Swanson', 'wendy74@example.org', '89208998022', '36ONTE3HL7'),
(14, 'Nelson, Robinson and Boyd', 'xwilson@example.com', '89160231779', 'HXCPF2C1I7'),
(15, 'Stone-Howard', 'swhite@example.com', '89882083671', '4PT44GK2EI'),
(16, 'Cobb, Pope and Romero', 'brandonirwin@example.org', '89928816712', 'LHUHUOEKI7'),
(17, 'Stark, Ochoa and Mathis', 'bflores@example.org', '89183238627', 'H6E9GRODIC'),
(18, 'Hardy, Knight and Sanchez', 'vrichardson@example.net', '89954338398', 'HRD7YYA0N1'),
(19, 'Grant, Guzman and Williams', 'holmesjohnny@example.org', '89417708446', '5NC4LISPMF'),
(20, 'Harmon Group', 'deckerchase@example.net', '89519997076', 'DWET8O1XYB'),
(21, 'Shaffer, Mitchell and Delacruz', 'carlos34@example.net', '89869781967', 'E9D7SC3V2Y'),
(22, 'Vasquez-Smith', 'colecrystal@example.org', '89626197690', '675SA86MV3'),
(23, 'Jones-Lee', 'youngerica@example.net', '89159921161', '77OQGY9OPZ'),
(24, 'Chandler PLC', 'eugene23@example.org', '89804099181', 'I91HAC2TCG'),
(25, 'Smith-Johnson', 'veronicahodges@example.org', '89825259019', 'MYC6VACILT'),
(26, 'Wood Group', 'williamlee@example.com', '89565976976', 'E0GKZTQ81A'),
(27, 'Ferguson Group', 'nataliehoffman@example.org', '89797570056', '4DIHRERPPQ'),
(28, 'Jones Group', 'bradleymarc@example.com', '89948263334', 'W8MQKBJY83'),
(29, 'Franklin PLC', 'alan11@example.org', '89762234634', '7PARR0OB1G'),
(30, 'Phillips, Gill and Green', 'stephen46@example.net', '89398411761', 'BV4W3D34FS'),
(31, 'Garcia, Smith and Reid', 'debra98@example.com', '89894550436', '1D9SFBPA38'),
(32, 'Thomas PLC', 'shannon67@example.com', '89261546552', 'V4NHSKTIVG'),
(33, 'Hill and Sons', 'jenniferanderson@example.com', '89765158696', '81IT7G9TPH'),
(34, 'Davis LLC', 'jennifer61@example.net', '89136475054', '5MLR2QBI20'),
(35, 'Stewart-Kramer', 'rebeccacampbell@example.com', '89992624886', '7LETVUN3CX'),
(36, 'Flynn Inc', 'pamela32@example.net', '89527310567', 'EJM0UK29B6'),
(37, 'Briggs LLC', 'hesparza@example.com', '89135963317', 'TA9XZX5KJQ'),
(38, 'Arnold-Allen', 'dhiggins@example.org', '89734919327', 'EHCT7FGWD3'),
(39, 'Owens-Rodriguez', 'danielskathleen@example.com', '89139709784', 'PUOJJPMAT6'),
(40, 'Le, Solis and Hobbs', 'erinmitchell@example.com', '89840204561', 'ZLLCIQUWME'),
(41, 'Strong-Garner', 'nathan35@example.net', '89151618826', 'Y6FNTQZLNN'),
(42, 'Nunez, Warner and Harmon', 'patrick59@example.net', '89278401415', 'ZGBGTX4A9J'),
(43, 'Dawson, Montgomery and George', 'timothyhall@example.net', '89322795389', 'IS8EAFSAEU'),
(44, 'Oneill, Moody and Howard', 'sullivanmary@example.org', '89266856898', 'CYG42CPEGE'),
(45, 'Jacobson-Bridges', 'amyhammond@example.org', '89397864261', 'HF4LSHYNMM'),
(46, 'Ortiz LLC', 'zgutierrez@example.com', '89724501262', '6R2PJU1EUR'),
(47, 'Weaver and Sons', 'david30@example.org', '89544091233', 'VQ7EU5OQV1'),
(48, 'Bates and Sons', 'craigmccarty@example.net', '89935734792', '02WRMT32UJ'),
(49, 'Gonzales, Williams and Carter', 'csingh@example.net', '89490049018', 'ZTXC8IA65Z'),
(50, 'Estrada-Fuller', 'preeves@example.org', '89804807343', 'RLUR2CI4X9'),
(51, 'Wilcox Inc', 'wgreer@example.net', '89488973716', '49JW4E82Z3'),
(52, 'Frey Group', 'larry44@example.org', '89828820029', '4MB2AF3WXK'),
(53, 'Perez-Hernandez', 'gmiller@example.org', '89119939610', 'GUX96DYHME'),
(54, 'Doyle, Ramirez and Turner', 'vbrown@example.com', '89439220056', 'W461TKKFF9'),
(55, 'Rodriguez, Miranda and Hernandez', 'hannahlamb@example.org', '89707392868', 'NJP7XAF8GY'),
(56, 'Clayton-Miller', 'rebecca57@example.net', '89315088961', 'UBBSH5RMBZ'),
(57, 'Bell and Sons', 'whitejoanna@example.com', '89274406510', 'ZPWAH6JWVY'),
(58, 'Davenport, Brown and Harris', 'benjamin24@example.net', '89809468717', '6UETTZZ7YO'),
(59, 'Hayes, Cunningham and Yoder', 'crawfordpatrick@example.net', '89627058480', 'DDUD5E7L1D'),
(60, 'Willis-Smith', 'xdavidson@example.net', '89148661114', 'TQDB5DSXG3'),
(61, 'Green and Sons', 'brian24@example.net', '89990704755', 'ARC0G547UW'),
(62, 'Downs, Washington and Decker', 'williamssara@example.org', '89769301201', 'UYEEFE4NIG'),
(63, 'Lowe-Perry', 'marybradford@example.net', '89480651721', '99Y6KGFMUB'),
(64, 'Warner-Alexander', 'wilsonsusan@example.org', '89473985721', 'KUQRQ0O44A'),
(65, 'Hurst, Munoz and Clark', 'michelle13@example.com', '89442751717', 'BNKO3AR8IX'),
(66, 'Smith-Maldonado', 'sparks@example.net', '89163171828', '1FYY0QH4PQ'),
(67, 'Decker and Sons', 'uramirez@example.net', '89510132181', 'Z0JTKR72DA'),
(68, 'Todd-Nicholson', 'uturner@example.net', '89252616991', 'HRLMZFPRQ9'),
(69, 'Glenn, Carson and Roberts', 'courtney83@example.org', '89246407274', 'LBJJTYQ72X'),
(70, 'Bryant Inc', 'cjohnson@example.com', '89300759113', 'RHY9GCAXVB'),
(71, 'Simon, Goodman and Tran', 'john35@example.com', '89143461787', '1UW921EQOH'),
(72, 'Carpenter, Peterson and Villarreal', 'kiaragutierrez@example.org', '89508569098', '9TR2S7E5F7'),
(73, 'Brown-Johnston', 'darrell40@example.org', '89276621278', 'EB7QDQ6UB2'),
(74, 'Ayers, Daniel and Wiley', 'sotostacie@example.com', '89466410232', 'YAA6VVKWLR'),
(75, 'Johnson and Sons', 'thomas71@example.org', '89170704067', 'UY3PUP6AX5'),
(76, 'Murphy, Brown and Blake', 'thomaschristopher@example.org', '89292629809', 'HLJCYNGORG'),
(77, 'Dorsey, Simon and Hansen', 'kristinemendez@example.org', '89870555026', 'VWX5QU84RN'),
(78, 'Paul and Sons', 'ericeverett@example.com', '89158095245', 'NTFDPWLZ9X'),
(79, 'Dixon-Henry', 'ugarza@example.org', '89949540753', '9U4VKYY917'),
(80, 'Moss, Hughes and Thomas', 'tylercynthia@example.net', '89827003658', '4OTJ4LML5H'),
(81, 'Allen-Howell', 'knewman@example.org', '89526741652', 'ZVM3MU8Q87'),
(82, 'Delgado, Thompson and Lowe', 'abigail29@example.com', '89663525268', '9GJJR78KPA'),
(83, 'Cuevas Group', 'rsmith@example.net', '89859461250', 'NUVQXIATEG'),
(84, 'Schmidt, Buck and Robinson', 'mlloyd@example.com', '89300653882', 'POXIM74ADR'),
(85, 'Rios Inc', 'angela91@example.net', '89455001512', '4XGG33WLQY'),
(86, 'Thomas, Oneill and Mcclure', 'robert73@example.com', '89424807652', 'FUX8TYY7OT'),
(87, 'Wallace, Lopez and Cook', 'smyers@example.com', '89516752460', '9LJU4PQYPT'),
(88, 'Terry, Wright and Walker', 'milleramy@example.net', '89471758019', '6GRIDDXXXO'),
(89, 'Medina-Morrison', 'rileyernest@example.org', '89772548452', 'ZN9HXE5IYR'),
(90, 'Roberts Inc', 'griffithheather@example.org', '89665493161', 'BZFA405RWU'),
(91, 'West PLC', 'jasmine55@example.net', '89921984043', '4A2NGY9J6K'),
(92, 'Smith Group', 'cathy33@example.net', '89677188472', 'K628TF2UAC'),
(93, 'Wright and Sons', 'kaitlynwalsh@example.com', '89718466819', 'S4F6I2XJ3E'),
(94, 'Wade and Sons', 'kerryrich@example.org', '89565539842', 'EQI025YJOD'),
(95, 'Chavez, Whitney and Moore', 'cramirez@example.org', '89789043742', 'ATO92V5U6T'),
(96, 'Jenkins-Jefferson', 'alexander21@example.org', '89812323260', 'NZ88NKCFUL'),
(97, 'Stephenson and Sons', 'timothyramirez@example.org', '89791798946', 'J97YIHNV09'),
(98, 'Castro, Shepherd and Hoover', 'wallacekari@example.org', '89720032440', '05161D96V7'),
(99, 'Smith Group', 'david52@example.org', '89354832702', 'FB61GDAOQD'),
(100, 'Armstrong-Erickson', 'richardmorris@example.net', '89553034419', 'UG4LSG5USM');

INSERT INTO autopart (id, name_autopart, description_autopart, model, price, count) VALUES
(1, 'according', 'Reason for letter policy. Any pay thing class resource.
Think Congress vote alone. Computer general do religious service politics. Kid car expert effect from production share.', 'BMW_M5_CS', 158, 3),
(2, 'past', 'Treat father toward pick serious pay concern. Respond question task act occur ball.
Move major least seem. Remain later do over. Image beyond find already window purpose.', 'BMW_M5_CS', 23, 9),
(3, 'deal', 'Watch build clear keep organization front fast. Minute policy my defense.', 'BMW_M4_COMPETITION', 50, 11),
(4, 'smile', 'Gun nor democratic develop detail plan onto. Later news finally.
Success pretty movement after sign. By head spend they read. Specific cultural cold ground.', 'BMW_M5_CS', 72, 24),
(5, 'interest', 'Knowledge fund paper expect wide computer. Prove evidence according remember involve her.
Lot world discussion well. Begin among make one mouth according reduce.', 'BMW_M5_CS', 147, 43),
(6, 'knowledge', 'End wear price sport up car space. Unit loss north least resource. Investment effort including response source.', 'BMW_M8_COMPETITION_COUPE', 135, 2),
(7, 'every', 'Stand small government how soldier him early. Back eight for identify left.
Idea available eight run past him. Watch because despite.
Mission begin should story way trip.', 'BMW_M5_CS', 87, 1),
(8, 'practice', 'Our matter set form oil.
Rest there art. Put then college call contain door finally son.
Action explain sure believe actually dinner.', 'BMW_i8', 169, 10),
(9, 'month', 'Reason coach real our force current. Investment rather human wrong respond.
Provide prevent conference. Important majority such movement.
Wonder collection season drug. Myself since four by why vote.', 'BMW_M8_COMPETITION_COUPE', 155, 11),
(10, 'blue', 'Sometimes ever door into trip top. Fire my direction wall. High top this down heart war.
Against president explain. Discuss before game physical phone.', 'BMW_M5_COMPETITION', 98, 29),
(11, 'sometimes', 'Choice play prevent whether artist plan husband. Voice experience room discussion forget sport five more.', 'BMW_i8', 63, 33),
(12, 'wonder', 'Theory ability mind however. During after bill glass anyone. Rise bag media style task near religious.', 'BMW_M5_CS', 167, 37),
(13, 'own', 'Station few any success different issue. Yourself put whether audience. Yourself field bank surface same.', 'BMW_i8', 51, 34),
(14, 'top', 'Red draw not important arrive doctor. About perhaps close.
Audience majority usually.', 'BMW_M5_CS', 190, 36),
(15, 'message', 'Half pretty Republican person miss system prove. Once nearly land. Financial continue art method.
Job data employee hand charge language. Sign strong whole especially.', 'BMW_M8_COMPETITION_COUPE', 17, 8),
(16, 'we', 'Time five close purpose activity pick why. Use able will. Big mission huge section effect into high.
Media year husband. Three hot very eight.', 'BMW_M4_COMPETITION', 52, 33),
(17, 'bank', 'People voice law goal behavior cell news. Yes size tax.', 'BMW_i8', 176, 23),
(18, 'hospital', 'Third whom source long suddenly image. Race support his thank magazine.
Will live economy capital this. Part knowledge bar. Money less build better meeting report letter. Doctor eye provide whole.', 'BMW_i8', 50, 2),
(19, 'large', 'Support firm tend camera half. Represent job but involve memory most matter. Help rate mother rock reflect.
Huge along world kid pull. Occur more whether develop ball particular much.', 'BMW_M5_COMPETITION', 165, 6),
(20, 'play', 'Sea change remember dream. Table exist those another member dream mind.
Site position service image ago. Reduce Republican film treat many agency team.', 'BMW_M8_COMPETITION_COUPE', 54, 35),
(21, 'voice', 'Begin step ever why star. Participant rock base under.
Hear drive hand manager executive others security. Work his network listen. Growth direction stand she would indeed opportunity.', 'BMW_M4_COMPETITION', 90, 21),
(22, 'spring', 'Resource factor past something. Difference foot pressure month without idea head only.
Man indeed international almost. Rate return point rise night. Piece beautiful step final front.', 'BMW_M8_COMPETITION_COUPE', 42, 27),
(23, 'his', 'Onto chair dark leave small. Floor check expect loss.
Position instead president politics western necessary moment.', 'BMW_M5_CS', 101, 39),
(24, 'him', 'Word character you any end seat begin government. Student message behind per analysis space friend show.
Draw health college any management evening.', 'BMW_M8_COMPETITION_COUPE', 113, 29),
(25, 'number', 'Race light poor against environmental of sell. Left end building movement from Republican.
His well thus fear. Own resource a million. Standard into ahead unit poor song. Save quite artist.', 'BMW_M5_COMPETITION', 79, 29),
(26, 'market', 'Thousand people Republican people management. Cultural teacher state prepare heavy now. End word time sometimes organization job.
Medical although onto. Loss issue production any personal night.', 'BMW_M5_CS', 139, 18),
(27, 'wish', 'Late then rich.
Development run lose sense name sport ok. Specific like quality upon.
Hear community thousand student. Eat I minute of successful.', 'BMW_M4_COMPETITION', 103, 16),
(28, 'west', 'Ball key Republican of. Member always wish begin character foot. Exactly also energy good.', 'BMW_M4_COMPETITION', 75, 33),
(29, 'pretty', 'Middle once red large eight stock feel. Town author floor professional shake democratic. Fear forward against nature represent certain.', 'BMW_M4_COMPETITION', 193, 15),
(30, 'again', 'Floor magazine around hard impact. Provide parent race.
Up consider age will attention. Build down administration. Wide use wind above social.', 'BMW_M5_CS', 84, 29),
(31, 'through', 'Them involve travel once woman. Seat chair teach design before recently shake.
Early front section. Seek real research. Investment fund life onto fill.', 'BMW_M8_COMPETITION_COUPE', 102, 15),
(32, 'simple', 'Particular him foot pick million usually usually. Key language present election.', 'BMW_M5_CS', 136, 12),
(33, 'future', 'Exist west husband hour green. Fly dinner garden study travel. Go movement turn shoulder.', 'BMW_M8_COMPETITION_COUPE', 112, 32),
(34, 'so', 'Economic three ready ask marriage tend deal. Bed expert add enter travel record.', 'BMW_M4_COMPETITION', 190, 24),
(35, 'with', 'Great prepare process travel.
Area picture entire TV first open in. Parent feeling executive address night.
Former return star. Key offer certain ground beat notice relate.', 'BMW_i8', 183, 10),
(36, 'approach', 'Drive to particularly small recent seek challenge. Street me picture or.
Usually want analysis tough. Especially north large act.', 'BMW_M5_CS', 181, 3),
(37, 'take', 'Maintain second fill son. Peace glass father fall. Stay who factor lay.
Cold goal become change artist black answer force. However just deal prepare member building rule.', 'BMW_M8_COMPETITION_COUPE', 175, 24),
(38, 'bar', 'Accept garden today various child.
Suddenly history probably call material. One race build notice. Attack senior break seat season.
Your school environmental toward agree leave hair.', 'BMW_i8', 12, 47),
(39, 'his', 'Attention president weight modern American thought similar. Base skill black since treat. Appear reflect sure explain church.', 'BMW_i8', 93, 26),
(40, 'want', 'Baby property store option. Show too work away.
Me trouble simply wrong knowledge address. Hard less provide various close nor level. Something sometimes opportunity sometimes.', 'BMW_M8_COMPETITION_COUPE', 148, 9),
(41, 'computer', 'Who how alone. Candidate production college three throughout often him. Example next game late economy world sit magazine.
Than thing specific put nice make fast. Citizen note program season.', 'BMW_M4_COMPETITION', 123, 26),
(42, 'old', 'Discuss stock spend prepare just. Movie visit action large reveal age lead. Operation arm eat another on newspaper.
Simple order stand interesting likely site.', 'BMW_M4_COMPETITION', 200, 3),
(43, 'product', 'View effect three federal old stage goal. Who note eye.
Some everything political me beautiful main either. Actually citizen site act clear factor.', 'BMW_M5_CS', 36, 37),
(44, 'little', 'Something campaign behavior heavy hospital. Our child feel game near board alone.
International outside son about TV reflect seem.', 'BMW_M5_CS', 161, 32),
(45, 'despite', 'Great manage shoulder option sister position under.
Their skin reach make read fly surface. Compare door their little contain.', 'BMW_M8_COMPETITION_COUPE', 32, 25),
(46, 'degree', 'Not imagine reach. Seem young rock become others population important. Their paper beautiful region.
Least to win put role nature. Have positive news.', 'BMW_M4_COMPETITION', 158, 21),
(47, 'vote', 'Magazine leader we foot central letter herself. However attack recent. Recent smile south prepare whole.
Tv assume his lay family. Life heart soon sound. Street bring agency simple yeah majority.', 'BMW_M4_COMPETITION', 171, 2),
(48, 'class', 'Expect place not wall. Still national buy why at minute real. Quickly sense under behavior respond.
Politics treat food determine follow. Society give huge pick blue film open.', 'BMW_M5_COMPETITION', 95, 48),
(49, 'beat', 'Share eat money smile become east. Lay expect set much skin red establish financial.
You series more. Serious wind cell risk stock miss share through. Upon support development area debate real.', 'BMW_M5_CS', 179, 10),
(50, 'event', 'Nation law chance police.
Citizen article business according wait increase. Care season single change myself paper would.', 'BMW_M4_COMPETITION', 70, 2),
(51, 'such', 'Morning defense whatever understand heavy rate. Word after exist any other fight.
While him gun local throughout fire especially.', 'BMW_M8_COMPETITION_COUPE', 22, 37),
(52, 'themselves', 'Congress make party type. However particular call couple.
Major determine than. Let positive character certainly.', 'BMW_i8', 180, 49),
(53, 'growth', 'Call yeah keep those artist claim once. To ground indicate bill grow language interesting.
Finally natural him miss Democrat pull writer. Road fear between meet relationship.', 'BMW_M8_COMPETITION_COUPE', 121, 16),
(54, 'walk', 'Mention great maintain notice themselves hold write. Factor employee book remember think water fight.', 'BMW_M5_CS', 148, 6),
(55, 'successful', 'Pm quality for radio. Fish face red about anything detail investment sure. Just especially week information be.', 'BMW_M8_COMPETITION_COUPE', 61, 19),
(56, 'campaign', 'Who all hit because. Support lawyer about.
Will view energy our rich security her involve. Maintain claim baby appear reduce write. No mention those notice himself responsibility.', 'BMW_M8_COMPETITION_COUPE', 48, 15),
(57, 'discussion', 'Security simple miss do food course.
Week whatever reduce blue. Improve he few world. Professional list unit participant remember itself. Whom evidence bad election require head.', 'BMW_i8', 130, 3),
(58, 'produce', 'Water war indeed moment wrong. Adult PM play significant guy environment with. Well will sign art.', 'BMW_M4_COMPETITION', 34, 44),
(59, 'religious', 'Stop community letter past once new reveal. Piece store property old produce color very old. Event financial east everyone mouth wall. Spend direction station.', 'BMW_M8_COMPETITION_COUPE', 50, 2),
(60, 'after', 'Class attack field myself. Left later return girl only record list bit. Order school up most opportunity dinner of.
Simply another affect somebody. Report need evidence.', 'BMW_M4_COMPETITION', 133, 5),
(61, 'grow', 'Century send return wife meet physical Republican arrive. Far themselves civil issue military. Theory do these sort send somebody.', 'BMW_M5_COMPETITION', 159, 28),
(62, 'remain', 'Director describe interesting. Two natural item.
First high now approach four until. Mother answer civil lay final trouble. Southern ten commercial yourself.', 'BMW_M5_CS', 15, 35),
(63, 'fly', 'As thus personal course. Often risk everyone yet gun military so population.
Woman give establish thousand performance. Senior this body use. Food newspaper reality sport nation.', 'BMW_M4_COMPETITION', 71, 25),
(64, 'mention', 'Act democratic effort get ask word cover. Opportunity prove executive low. Analysis speak quickly able else.', 'BMW_M4_COMPETITION', 29, 50),
(65, 'everybody', 'Town too manager music able first. Sell break truth personal have floor. True wind heart.
Professor available sign his ever away. Never population nearly election. Accept tough people build.', 'BMW_M5_COMPETITION', 147, 25),
(66, 'view', 'Nature pressure PM agency language decide. Rich debate same while sort office beat.', 'BMW_M8_COMPETITION_COUPE', 140, 9),
(67, 'how', 'Everybody picture cut. Laugh moment campaign anything so.
Painting risk thought special. White include nation there these example.', 'BMW_i8', 63, 7),
(68, 'light', 'Themselves trial movie cold. Ok early store tree could know score finish. Force hospital technology month.
Tax bar face firm upon. Man require decade door learn structure perform between.', 'BMW_M8_COMPETITION_COUPE', 104, 22),
(69, 'mind', 'Less traditional artist network Democrat. Use recent itself any tax may. Likely security away brother cup develop ask year.', 'BMW_M4_COMPETITION', 90, 33),
(70, 'town', 'Born clearly rich by science. Possible late arm right performance test source. Government heart quite for support. Question commercial audience allow future.', 'BMW_M5_COMPETITION', 44, 24),
(71, 'sea', 'Hard charge chair they prevent. Door determine skin fight theory candidate news.', 'BMW_M4_COMPETITION', 55, 28),
(72, 'positive', 'Office key fly several hundred. Kind religious month myself song writer. On national seven crime share yeah.
Nature poor week same. Future focus land whose into entire economy role.', 'BMW_i8', 63, 27),
(73, 'better', 'Certain traditional improve bed future. Join father follow run receive city prevent.
Believe cause summer over.
Large no key arrive. Perform southern yourself forget yourself southern resource.', 'BMW_M4_COMPETITION', 67, 14),
(74, 'whom', 'Discussion music protect senior simple. Box hour dog.
Chance quickly available. Total lot throughout along reality represent.', 'BMW_M8_COMPETITION_COUPE', 41, 7),
(75, 'national', 'Spend third power blood tough lose cold.
Body within standard voice in while. Stand between couple drive.', 'BMW_i8', 41, 29),
(76, 'government', 'Argue your at. Four current behind up offer bag.
In gun perform stage. Account of medical lawyer. Way team condition ability state. East be level commercial citizen until.', 'BMW_M5_CS', 132, 3),
(77, 'which', 'Whose cause note. Night from for situation side hundred.
Short chance drive stay condition rest design. Care race heart event hand Mr main. Staff yet center let.', 'BMW_i8', 73, 10),
(78, 'physical', 'Unit environment then process animal money worry full. Maintain prepare again decade.
Play he every mother join. Case employee care age. Hear hope guess black. Follow that four upon hotel yes life.', 'BMW_M8_COMPETITION_COUPE', 52, 42),
(79, 'western', 'We offer suddenly policy official thus person. Color poor high heart suffer generation or himself.
Star interview bag hospital almost hit easy. Time sea friend value part simply.', 'BMW_M8_COMPETITION_COUPE', 20, 32),
(80, 'animal', 'Board between require machine huge role draw. Term message behind effect. General together Mr that.
The enough true management religious fall different. Message mother whatever. Part seem each.', 'BMW_M5_CS', 191, 34),
(81, 'including', 'College action plan occur. Myself trial sign night tonight. To property use learn suddenly available.
Suggest century age last follow artist. Become large support usually public.', 'BMW_i8', 191, 50),
(82, 'professor', 'Ready education focus at sure. Way country hair ahead mention day. Against involve short long.', 'BMW_M4_COMPETITION', 40, 8),
(83, 'create', 'We realize clear north investment already seem else. Partner theory keep piece arm himself return.
Prepare west support job less bank.', 'BMW_M8_COMPETITION_COUPE', 108, 50),
(84, 'capital', 'Data suggest little argue bring condition pull. Single wonder treatment month lawyer serve score worker.', 'BMW_M4_COMPETITION', 136, 22),
(85, 'provide', 'Central performance herself compare student start imagine. Finish gun cultural add there technology American. Data husband series plan husband capital many.', 'BMW_M5_CS', 89, 37),
(86, 'data', 'Front himself fill white hope name. Store toward event second consider.
Remain page part number free share his lot. Agree happy evening. Hear necessary perhaps tree.', 'BMW_i8', 31, 17),
(87, 'now', 'Name ball sell black store modern fine. Heart cell scene radio present set heart.
Pm social sell in. Six table alone drive know force.
Threat thus become help street ok source.', 'BMW_M4_COMPETITION', 131, 49),
(88, 'political', 'Article sport next upon woman community. Anything serve address course. Reason boy understand speech himself executive next apply.
Course usually quite perform scientist question. Into low under.', 'BMW_M4_COMPETITION', 187, 16),
(89, 'reality', 'Heavy surface general rule foreign approach. Yes team up director hard dark garden draw. Those cost treat.', 'BMW_M8_COMPETITION_COUPE', 105, 21),
(90, 'example', 'Pm until support player process. Author street all subject movement station magazine. Outside figure kind into toward.', 'BMW_M8_COMPETITION_COUPE', 140, 15),
(91, 'southern', 'Item leg score parent sister like enjoy. Leave example north unit. Chair degree deep her part hot.', 'BMW_M4_COMPETITION', 40, 7),
(92, 'sort', 'Pull draw plant health play certain.
Hope design matter good adult military interesting. Southern ago most within radio. Ready fear collection entire accept.', 'BMW_i8', 89, 43),
(93, 'base', 'Kid yes member physical help step. Thus sing prepare skill entire everyone writer.
Recognize thought surface. Themselves vote prove baby discussion various blue down.', 'BMW_M5_CS', 42, 11),
(94, 'need', 'Drug parent adult arrive. Clearly nearly prove into.
Image we traditional hope. Face let practice suddenly mean such her city.
Full set cover turn technology six provide. Ball food own away.', 'BMW_M5_CS', 24, 4),
(95, 'develop', 'Skill treat long health listen. Attention choice cause arrive effort. Affect why seek training option effort require.
City former study white. Social big young population Mr total.', 'BMW_M5_CS', 66, 12),
(96, 'sport', 'Debate or serve action can view. Move will dream these day.', 'BMW_M8_COMPETITION_COUPE', 104, 3),
(97, 'choice', 'Sing local young wife tend continue safe. Radio tough community left. View production trial hear.', 'BMW_M4_COMPETITION', 49, 17),
(98, 'involve', 'Toward maybe already bill stand region. Note green black situation cause.
Ok paper stop free position show certain. Center budget its treatment. Few effort now serve job me south.', 'BMW_i8', 131, 13),
(99, 'nothing', 'No several after piece describe everything federal. Unit these lawyer minute world partner.', 'BMW_M5_COMPETITION', 119, 48),
(100, 'pattern', 'Project form member child work. Hard good situation.
Window baby television television moment huge. Share meet positive strong while sort.', 'BMW_M5_CS', 70, 23),
(101, 'see', 'Approach anything certain sometimes shake. Push player institution until under opportunity argue.
Yes open culture cell why west. Almost accept body nation.', 'BMW_M5_CS', 110, 50),
(102, 'upon', 'Concern administration deal seven company Mr anything. Realize set win safe economy especially.
East another attorney machine election price suddenly.', 'BMW_M5_COMPETITION', 114, 37),
(103, 'per', 'Necessary kid family every term.
Draw garden agreement message then. Method he lose hundred. Nor me whole way risk near which.
Plant this point message entire arm. Picture production so reveal.', 'BMW_i8', 193, 29),
(104, 'option', 'Guess yet check question.
Some first another nation job. Increase future commercial method reason. Language agree wait daughter within account.', 'BMW_M5_CS', 116, 33),
(105, 'picture', 'How already scientist. Scientist pretty environmental until respond yeah two. Around increase democratic painting beat recently.', 'BMW_M5_COMPETITION', 197, 10),
(106, 'set', 'Physical outside economic two represent yes. Hit move yourself.
Wide large good all instead anyone discuss. Report else everybody identify. Describe source among form drop consider story.', 'BMW_i8', 94, 36),
(107, 'dark', 'Stuff be hospital high property. Building water community song education.
Although nation ask city small tree. Boy already but.', 'BMW_M4_COMPETITION', 188, 9),
(108, 'degree', 'Try country serve buy others. Purpose while particular yes.
Expect method institution participant success. Once arm indeed state say issue. Yourself picture always sing pass song see.', 'BMW_i8', 106, 9),
(109, 'high', 'Improve own onto spend medical. Quality think Congress.
Morning forward feel entire note. Fine remember politics leave base product support. Moment develop speak difference.', 'BMW_M8_COMPETITION_COUPE', 47, 3),
(110, 'positive', 'Bring together hotel can store music. Generation hard already partner pass strong.', 'BMW_M5_COMPETITION', 52, 12),
(111, 'ahead', 'Yard never visit my although. Then challenge analysis only focus even authority.
Decade performance from perhaps order. Create environmental everybody.', 'BMW_M4_COMPETITION', 125, 14),
(112, 'religious', 'See whether individual former yard economic. Property special best population. Agreement feeling eight amount.', 'BMW_M8_COMPETITION_COUPE', 81, 22),
(113, 'company', 'Meeting however sort drug Mr should. Exactly allow work need. Television police low raise. Front material nearly future Democrat system decade break.', 'BMW_M5_CS', 194, 35),
(114, 'defense', 'Ready reach industry drive glass keep impact.
Voice become ago argue finish crime learn.
Task key knowledge term family well. Person join shake seek. I but series tell little according.', 'BMW_M8_COMPETITION_COUPE', 65, 30),
(115, 'nor', 'Garden detail contain event ground travel. Sea deal should church marriage director material. Foot employee glass reflect consider short hit.
Improve measure during couple.', 'BMW_M4_COMPETITION', 99, 40),
(116, 'care', 'Performance nice foreign few. Trial attorney head than participant plant myself local. Out week pretty.
Best light hear trade. Front son sort community live. Enter organization morning.', 'BMW_M5_COMPETITION', 57, 26),
(117, 'structure', 'Know plant rock somebody movie medical situation. The about family lead people old test. Air cut bar listen Mrs.', 'BMW_M8_COMPETITION_COUPE', 132, 5),
(118, 'energy', 'Article focus meeting brother news once. Ask minute its inside eye born. Concern successful it agreement claim his language.
House however about finally. Within high month something.', 'BMW_M4_COMPETITION', 15, 21),
(119, 'security', 'Huge relationship building which under perform. Charge training experience drive. Two crime second push bad where.', 'BMW_M5_COMPETITION', 108, 2),
(120, 'particularly', 'And box tend white statement physical. Ready notice participant animal.', 'BMW_M5_COMPETITION', 180, 50),
(121, 'Republican', 'Open miss identify pattern. Information break ask particularly. In glass indicate.', 'BMW_M4_COMPETITION', 60, 28),
(122, 'leave', 'Decision arm reflect open. Decade agree career poor pattern create.
Statement even ability real despite cut. Carry policy visit.', 'BMW_M8_COMPETITION_COUPE', 77, 18),
(123, 'baby', 'Population task whether teach information. Author scene science us any beyond safe.', 'BMW_i8', 58, 28),
(124, 'building', 'Minute plan difference career task. Character system spring view skin weight.
Six whole sea within effort. Tv late short wait service.', 'BMW_M5_CS', 186, 16),
(125, 'hit', 'Teacher little herself their else sport. Me seat special couple. Certain could big.
Exactly number bad debate better. Speech effort culture see prevent light life.', 'BMW_M4_COMPETITION', 197, 14),
(126, 'forward', 'Civil hundred project away space relationship question manager.
Call newspaper lawyer challenge. Suggest or alone director here. She word response military wide three.', 'BMW_M4_COMPETITION', 89, 19),
(127, 'success', 'Energy writer company lay more remain. Laugh second for book on through country.', 'BMW_M5_COMPETITION', 23, 48),
(128, 'place', 'Along collection place. Born bad itself what back charge.
Become effect night all partner. Under yes theory theory whether easy.
Conference sell while wonder both art. Bed study go the should.', 'BMW_M5_COMPETITION', 184, 24),
(129, 'candidate', 'Certainly surface heart need. Medical really money power operation game. Young manager accept service policy with person.', 'BMW_M5_COMPETITION', 35, 22),
(130, 'loss', 'Operation old local thought. Democrat production religious beautiful. Difference someone west skill exist people soon behind.', 'BMW_M8_COMPETITION_COUPE', 179, 36),
(131, 'ready', 'Institution around do enter race. Development actually thing simply town. Sound the open owner. Produce tell drive everything doctor.', 'BMW_M8_COMPETITION_COUPE', 22, 8),
(132, 'as', 'Change carry machine quality society gas ok executive. Table international treat.
Senior face enjoy white real. Leg speak address. At meeting staff recognize wonder. Course your state.', 'BMW_M5_CS', 55, 15),
(133, 'understand', 'Card week born station scientist statement detail. Order animal campaign officer interview coach. Admit second religious local wonder machine system.
Half security Mr relate question.', 'BMW_M8_COMPETITION_COUPE', 117, 49),
(134, 'always', 'Without investment cultural arm alone too. Number think left employee to.
Heart conference plan hot. Wind hand about nothing story state water.', 'BMW_M4_COMPETITION', 28, 38),
(135, 'perform', 'Out capital wait black. Wait consider analysis prepare amount. Sometimes compare last.', 'BMW_M5_CS', 170, 21),
(136, 'coach', 'Pattern crime stage series phone let. Page language individual stop point. Why hope middle brother eye few.', 'BMW_M5_CS', 170, 17),
(137, 'food', 'Sell occur appear future understand economy.
Political foot institution nation buy relationship surface game. Local page rise teacher. Tax sea believe station.', 'BMW_M8_COMPETITION_COUPE', 174, 16),
(138, 'commercial', 'Fund tree music role something seek central. Difference nearly argue get. Particularly air perhaps medical floor.', 'BMW_M5_CS', 72, 50),
(139, 'lead', 'Participant street his be reason customer. Admit area especially side check instead.
Condition could least note general. Pick risk important dog.', 'BMW_M4_COMPETITION', 32, 45),
(140, 'stock', 'From drop college address through certain finally must. Pretty watch remember read.
Public simple home no. Political action quickly. Animal amount suggest to give color.', 'BMW_M5_CS', 30, 19),
(141, 'kid', 'Watch leader various teach star walk require.
Natural or impact specific. Hundred include ball night enter fill inside.
Away show item. Water up miss her evening health range.', 'BMW_i8', 166, 2),
(142, 'by', 'Something outside religious live discuss. Ago identify fact. Source order white agency short amount.
Republican give stock home fall. Manage price little two throughout. Visit and be create.', 'BMW_M5_COMPETITION', 152, 50),
(143, 'trial', 'Relate represent almost law long month. Cup they movie prove minute likely indeed by. Occur call effort suffer speech white measure edge.', 'BMW_M5_CS', 25, 4),
(144, 'media', 'Brother performance late expert city perhaps. Itself none hand toward grow foot attack.
Here population carry. Think maybe area hit.', 'BMW_i8', 70, 42),
(145, 'reveal', 'Quite from hundred poor national serious section affect. Report night they prove open.', 'BMW_i8', 35, 32),
(146, 'improve', 'Health perhaps purpose bit. Against notice truth play gas magazine beat former.
Start large human point. Why war senior whom happy.', 'BMW_M8_COMPETITION_COUPE', 194, 28),
(147, 'factor', 'Section industry class. Particular stuff movement pass which enter behavior.
Stuff cause run low similar. Scientist ahead ok fill. Wear Mr sign spend manager research reality police.', 'BMW_M8_COMPETITION_COUPE', 123, 34),
(148, 'see', 'Nor less task get debate former. Girl this final him.
Doctor better single really public animal. Star itself you training appear.', 'BMW_i8', 32, 44),
(149, 'which', 'Middle idea artist child economy art think reflect. Rest tree watch. Program operation paper evidence nature region.', 'BMW_M4_COMPETITION', 11, 18),
(150, 'perform', 'Radio listen improve purpose especially partner. Record story during high trouble.
Others under couple price consider fear long. Civil life form although education themselves.', 'BMW_M8_COMPETITION_COUPE', 188, 18);

INSERT INTO employee (id, full_name_employee, post, phone_number, email, passcode, car_dealership_id) VALUES
(1, 'Rodney Collins', 'ADMINISTRATOR', '89490751825', 'travis03@example.org', 'SADZQJXHD7', 1),
(2, 'Dana Taylor', 'CUSTOMER_SERVICE_MANAGER', '89437700349', 'pbowman@example.net', 'LPYIUA0HY2', 2),
(3, 'Jessica Walker', 'MECHANIC', '89262282167', 'garymitchell@example.net', 'CJ6E1OIBRZ', 2),
(4, 'Bradley Manning', 'ADMINISTRATOR', '89405080562', 'qthompson@example.org', 'DDDSEKJQA5', 3),
(5, 'Amanda Long', 'CUSTOMER_SERVICE_MANAGER', '89221470138', 'barkernicholas@example.org', 'HO1M1Z7AFI', 3),
(6, 'Lauren Bailey', 'ADMINISTRATOR', '89678597535', 'riveracharles@example.org', '8I7A2R4QFD', 4),
(7, 'Savannah Lopez', 'MECHANIC', '89339031201', 'dbaxter@example.org', 'VE2P6SWOH5', 4),
(8, 'Marcus Powell', 'ADMINISTRATOR', '89228190928', 'dhood@example.com', 'I88TX8U4SP', 5),
(9, 'Robert Oconnor', 'CUSTOMER_SERVICE_MANAGER', '89983989784', 'rross@example.org', 'F4H5E4SOZX', 5),
(10, 'Mr. Javier Thompson MD', 'MECHANIC', '89667675724', 'lisabutler@example.com', 'H5P1IUT5XE', 6),
(11, 'Christian Shaffer', 'ADMINISTRATOR', '89529524841', 'jordanbrent@example.net', 'UX6S9AU1VP', 6),
(12, 'Patrick Rogers', 'CUSTOMER_SERVICE_MANAGER', '89398480770', 'dannywest@example.org', '7NXB2VWNQD', 7),
(13, 'Terri Jacobson', 'CUSTOMER_SERVICE_MANAGER', '89494802813', 'ashleydavis@example.org', 'CM2SQ38AKP', 7),
(14, 'Brandy Gonzalez', 'CUSTOMER_SERVICE_MANAGER', '89589201710', 'steventhomas@example.net', 'XZ230R4JPZ', 8),
(15, 'Andrea Webb', 'CUSTOMER_SERVICE_MANAGER', '89928325573', 'jessicaterry@example.com', 'HABHINHSPO', 8),
(16, 'Nichole Johnson', 'CUSTOMER_SERVICE_MANAGER', '89265710126', 'kyle63@example.org', 'O3QO4EGKBL', 9),
(17, 'Anthony Reilly', 'MECHANIC', '89930362669', 'darryl67@example.org', 'TUW8ALMJ09', 9),
(18, 'Jacqueline Booth', 'MECHANIC', '89710398302', 'timothygonzalez@example.org', '9RRPLDHHNZ', 10),
(19, 'Nicole Huang', 'CUSTOMER_SERVICE_MANAGER', '89973620750', 'fberry@example.org', '2PF6X3Z25I', 10),
(20, 'Christopher Ross', 'ADMINISTRATOR', '89443246231', 'andrew49@example.net', '6IRL8O00EG', 11),
(21, 'Joann Green', 'ADMINISTRATOR', '89322101657', 'yvalenzuela@example.org', 'W34342SOIR', 11),
(22, 'Elizabeth Stephens', 'CUSTOMER_SERVICE_MANAGER', '89316437093', 'stevensanchez@example.org', 'XHKGTDXKEL', 12),
(23, 'Stephen Ellis', 'MECHANIC', '89847212944', 'brandy84@example.net', 'L1DWNLBJC6', 12),
(24, 'Jessica Jenkins', 'ADMINISTRATOR', '89799388779', 'denisehorn@example.com', 'QWXJT7OQU8', 13),
(25, 'Jill Hunt', 'ADMINISTRATOR', '89574268540', 'kevinmartinez@example.com', '2N01HDRUJ5', 13),
(26, 'Renee Moore', 'CUSTOMER_SERVICE_MANAGER', '89124926375', 'valenciapamela@example.net', 'EM5QH2J2VG', 14),
(27, 'Katherine Guerrero', 'ADMINISTRATOR', '89790254426', 'jeffreybennett@example.com', 'J5O4P0LTMC', 14),
(28, 'Alan Ponce', 'ADMINISTRATOR', '89623243106', 'williamsonzachary@example.net', '5YLLPCIA2V', 15),
(29, 'Rebecca Nichols', 'MECHANIC', '89241884822', 'khuffman@example.org', '3QP26SFN73', 15),
(30, 'Michelle Diaz', 'CUSTOMER_SERVICE_MANAGER', '89741050957', 'jasonmarshall@example.com', '13HSEDC57Z', 16),
(31, 'Jennifer Edwards', 'MECHANIC', '89552245476', 'daniel74@example.net', '9HORPSMNBO', 16),
(32, 'Andrew Spencer', 'ADMINISTRATOR', '89588244010', 'angela49@example.com', 'SNW5BFO18O', 17),
(33, 'Greg Hill', 'CUSTOMER_SERVICE_MANAGER', '89857616046', 'rward@example.org', 'RXRFPHE4YG', 17),
(34, 'Michael Cooper', 'ADMINISTRATOR', '89255533541', 'zspencer@example.com', 'UV2IOMUPOM', 18),
(35, 'Christopher Mcclure PhD', 'CUSTOMER_SERVICE_MANAGER', '89958614476', 'michael24@example.net', 'XXGR9S4X18', 18),
(36, 'David Austin', 'MECHANIC', '89731621304', 'angelacharles@example.org', '6HBW4LQLKA', 19),
(37, 'Sarah Knox', 'MECHANIC', '89996701610', 'derrickward@example.com', 'O2SBCI947W', 19),
(38, 'Richard Herrera', 'ADMINISTRATOR', '89968335381', 'felicia39@example.com', '30IRKD4WNO', 20),
(39, 'Phillip Mckee', 'MECHANIC', '89510242365', 'andreabarron@example.net', '2EVGLKF9NT', 20),
(40, 'Dawn Donovan', 'MECHANIC', '89985367953', 'keithle@example.com', 'O0SENIC8GD', 21),
(41, 'Sue Martinez', 'MECHANIC', '89190219017', 'campospatrick@example.org', 'Z03O0SFPTN', 21),
(42, 'Brittany Martin DVM', 'MECHANIC', '89164171647', 'aguilarbobby@example.com', 'GC5W2WASTY', 22),
(43, 'Lisa Flores', 'ADMINISTRATOR', '89203995489', 'vjenkins@example.net', '0KX8FVFEEC', 22),
(44, 'Kelly Johnson', 'ADMINISTRATOR', '89154337526', 'tnichols@example.org', '6BYPE2O8RK', 23),
(45, 'Timothy Martinez', 'CUSTOMER_SERVICE_MANAGER', '89704753989', 'xbates@example.org', 'LVOZMY9X8V', 23),
(46, 'Sharon Moore', 'MECHANIC', '89616748468', 'wesley51@example.net', 'PNYQ5FZYYS', 24),
(47, 'Christopher Willis', 'ADMINISTRATOR', '89921215677', 'marissabrooks@example.com', 'HJ1WELAWI8', 24),
(48, 'Victor Hall', 'ADMINISTRATOR', '89191619105', 'zpark@example.net', 'OQKL2HSBAW', 25),
(49, 'Sophia Ramos', 'MECHANIC', '89579097723', 'wrightmichael@example.com', 'E7QYTS5DC1', 25),
(50, 'Diane Stewart', 'ADMINISTRATOR', '89447988477', 'fwalker@example.com', 'BCKRSESJIU', 26);

INSERT INTO service (id, name_service, description_service, price, autopart_id) VALUES
(1, 'success', 'Make child this wish car country free. Order drug moment good discuss rich. Cost little professor increase call lead.
Believe this radio.', 268, 1),
(2, 'painting', 'Development name the mind. Ok which hair mission. Woman use deep better which feel sign. Few agency say election write issue.', 192, 2),
(3, 'in', 'Realize culture talk approach leg item over. Leave lawyer house foreign image.
Central test task wonder president machine place. Keep clear hospital war agent water energy.', 160, 3),
(4, 'go', 'Artist voice pick across. Issue step vote until. Practice evening scene edge despite participant.', 59, 4),
(5, 'computer', 'President middle task impact. Subject peace picture. Base realize suggest evidence letter recognize.', 316, 5),
(6, 'detail', 'Sign pass need strategy. Him avoid behind gas middle. Show address safe happy forward field upon.
Glass front move use research difference allow of.', 116, 6),
(7, 'police', 'Again public identify public. Remember husband develop cell think move know.
Hundred attack east quite bill. Center sport bag option hard.', 213, 7),
(8, 'nothing', 'Simple family end toward establish news.
Former each conference option whom look. Involve sort artist detail build move sea.
Society lay moment lot.', 127, 8),
(9, 'analysis', 'Again know among candidate. Exist return yourself Mrs partner them always. White article nothing star industry although.
Service each new business. Through husband cover son market.', 58, 9),
(10, 'cold', 'Everything hair executive country probably upon. Call office option need enter.
Building national myself fire daughter force message. Project my during century inside above herself bill.', 426, 10),
(11, 'message', 'Mission form forget popular him stuff answer. New student bring attorney save. Write model article town modern.', 347, 11),
(12, 'but', 'Experience serious least gas kind wait glass. Side again see minute lead between relationship.
Parent series response increase. Over modern voice grow well difficult.', 114, 12),
(13, 'particular', 'Nothing themselves employee million girl these. Environmental trial avoid best since continue. Some task arrive environmental feel rich.
Many drug media Mr.', 381, 13),
(14, 'continue', 'Time area theory per per effect. Owner carry bar kid about. Position arrive report reflect specific final.
Role personal green before. Month degree would last lose go.', 91, 14),
(15, 'total', 'Card surface rest same individual single. Debate finish card ten treatment rate.', 357, 15),
(16, 'talk', 'Then various politics ball. Score picture open evening.
Pay tell teacher reduce week. Kid letter hundred paper on top. Everyone eye which.', 493, 16),
(17, 'over', 'Defense measure east near she deal. Difficult hour pattern pass what think. Fine town design share return building discuss data.', 261, 17),
(18, 'between', 'Wind dog prepare north authority those red somebody. Defense animal land avoid which.', 331, 18),
(19, 'rule', 'Discuss fast stock condition. Five nature then detail according reduce. Animal away attention.
You build with perform. Thus factor media.', 410, 19),
(20, 'shoulder', 'Government spend us often. Bank control take fact very dog top.
Within away special Mr say board. In community case about minute scene impact.', 286, 20),
(21, 'power', 'Language series bag. Series southern Mrs customer middle allow ago standard.
Test fact she environment factor live. Movement happy contain something discover house allow air.', 112, 21),
(22, 'personal', 'Military personal challenge perhaps structure effect. Yard hard player art road property foreign few. Consumer hour enjoy team how pass traditional factor.', 229, 22),
(23, 'east', 'Work middle certainly indeed claim. In though be.
Step give law could join single factor. Rule others draw reduce like place less senior. Animal drop manager sell she behind behavior interest.', 458, 23),
(24, 'economic', 'Force thing adult use century. Sign house senior in look coach.
Receive material lot truth long. Market indicate loss leg right. Try describe use election lose high both.', 279, 24),
(25, 'environmental', 'Possible respond really course resource. Begin car song across hour include church security. Middle from themselves name summer can over.', 420, 25),
(26, 'southern', 'Last pay risk than. Treat wear western help event. Wonder surface ground experience my say interesting throughout.', 496, 26),
(27, 'involve', 'Hit girl weight speak ability effort occur. Keep whether tough suggest knowledge safe civil.', 108, 27),
(28, 'two', 'Century none nature benefit amount country. Pay soldier but debate notice.
College home record. Perform environment although accept young remain free.
Gun hot least.', 218, 28),
(29, 'certain', 'Commercial experience phone energy if member Congress. Cell life statement next. Another white peace leader would. Resource talk card if beyond rest.', 424, 29),
(30, 'car', 'Simply PM movie special young culture in. Bag series southern water trade garden Mrs grow. Suffer within resource cover I time religious. Focus son stock campaign represent present name.', 294, 30),
(31, 'go', 'Need stand pattern stock I. Tonight explain hospital level. Call hour large guess wonder challenge grow main.', 210, 31),
(32, 'other', 'Second nearly ten life. Policy PM mouth item put onto work.
Magazine expect glass. Culture story get whose more color report.', 226, 32),
(33, 'bring', 'Anything one big only election bag his. Music career simple have whole wide charge. Beyond set too apply hot group.', 173, 33),
(34, 'data', 'Thousand including card. Interest that almost.
Tough try wear million mouth leg of. Total glass country much. Different else agency. Apply international treatment newspaper much.', 283, 34),
(35, 'degree', 'Buy which hospital tend mind customer part. Evening quality cause resource area product step far. Subject and very bar.', 69, 35),
(36, 'say', 'Amount itself sort either. Near large call hot daughter drive happen there.
Want one effect where white provide her. Not produce long fight people cause.', 303, 36),
(37, 'must', 'Learn consider when modern from. Again discussion American strong fight turn. Although them sea.
Just one he personal generation east school allow. Identify need indeed blue side tend.', 374, 37),
(38, 'system', 'Event amount example international seven economy. Financial clearly everything performance follow car reality. Interesting sort final source person.', 282, 38),
(39, 'couple', 'Majority range find bill stand. Discover develop floor resource.
Such customer call window. Whatever my sort usually third compare. Appear recently work dinner item front.', 291, 39),
(40, 'care', 'Size stage order training art bar. Billion present age skill piece us. Parent party almost with one campaign.', 448, 40),
(41, 'whatever', 'Able name whom south pick worry manager. Education evidence agent discussion.
Hair six decide. Drop actually senior professional hospital million.', 442, 41),
(42, 'can', 'Hotel buy American collection like quickly watch. Allow government suddenly record. Successful institution conference work win them back.', 191, 42),
(43, 'surface', 'Whatever difference increase remain decide.
Third eight without strategy how through director. Produce sport dinner thousand experience book. Music provide something billion field.', 481, 43),
(44, 'south', 'Arm financial experience lead.
Clear property level word age indeed feel recently.', 440, 44),
(45, 'probably', 'City memory wonder onto body hour return claim. Series mouth decide idea benefit. Address method road factor husband.
Suddenly seem money alone doctor page. Behind effort foreign easy behavior.', 177, 45),
(46, 'fight', 'Off write staff sell pretty. Window society majority marriage.
Ask practice whose former environment we. Boy answer firm other international although.', 128, 46),
(47, 'fact', 'That clear on reason environment. Talk day while board institution staff soon. Majority each professional alone.', 264, 47),
(48, 'father', 'Soldier director recognize production break table until. Organization drive human beautiful he prevent. Necessary hit effect able identify road specific. Claim off do herself serve.', 418, 48),
(49, 'easy', 'Spend onto range send sister term. Act return cut huge whom. Those forward brother option kitchen condition half account.', 91, 49),
(50, 'through', 'Perform himself several century team least along. Feel claim country institution relationship.
Real loss sit agreement join line structure but. Talk result medical assume choice concern two ready.', 217, 50),
(51, 'avoid', 'Animal maintain role write one professor technology. Raise offer government side majority.', 382, 51),
(52, 'end', 'Meeting good someone employee notice central per last. Subject alone between.', 272, 52),
(53, 'however', 'Clear learn prepare no white social.
Book view simply station green free season. Wide because food staff over property fact.', 137, 53),
(54, 'know', 'Message factor value church collection. Education hour type capital especially leave through piece. Goal Democrat kid near.', 261, 54),
(55, 'police', 'Remember process term stay although land. End war reflect would administration town international.
Drive however become dinner. Picture industry little what least green.', 220, 55),
(56, 'tax', 'Collection suddenly either my. Religious per politics month some. Should whose study card occur reflect.
Simply store general available relationship put. Hope per section industry get trip rate.', 148, 56),
(57, 'piece', 'Dream sound leader task. Executive race product dinner their hour single. Value impact respond relationship choice.', 496, 57),
(58, 'individual', 'Kitchen throughout can occur effect. Born policy message never see his.
Seven protect source wide notice. Article election produce type win increase while. Society young ten Mr watch.', 464, 58),
(59, 'pay', 'Card which bad old prevent. Million speech not behind white.
Half certainly fire. Republican grow everyone agency. More southern whom available talk piece finally.', 139, 59),
(60, 'thus', 'Process score painting we write whom note. Nothing none experience bar.
Edge agreement us create page. There my cover join foreign billion.', 314, 60),
(61, 'friend', 'Four agent save second book close never. Far project remain.
Oil pay bring fish. This enough clear page defense agent. Dinner vote safe those hold.', 498, 61),
(62, 'available', 'White environment drug blue answer. Listen thank something key free growth. Fall trip the wide explain service key book. Fight model perform fly buy necessary avoid.', 131, 62),
(63, 'director', 'Story free trouble such none. Sort strong then culture successful water rule.
Fear main possible. Fund car soldier provide run.', 57, 63),
(64, 'charge', 'Drug bit beautiful give range reduce.
Like teach college fast industry Mrs. Attention hard room line.', 466, 64),
(65, 'happen', 'Late be despite wear stay know. Manager different great traditional serious total again. Risk close huge ability education official. Listen bar police whatever wait particularly.', 173, 65),
(66, 'then', 'Upon ever technology machine those show example. Teacher reveal Democrat deal baby Mr sometimes. Cultural down anyone.', 491, 66),
(67, 'run', 'Early ever democratic between write cause turn. History front country later scene whatever fine option. Management task likely future.', 167, 67),
(68, 'because', 'Place the push around floor. Force house know man finally. Able turn yeah project set might sort.
Source step old exactly on trouble parent.', 215, 68),
(69, 'let', 'Trip strong paper ability look rock century. Make value skin.
Available wind number happy add number. Certainly night visit which quite data Mr.', 242, 69),
(70, 'what', 'Role example speak material local back.
Bring contain themselves. Good society table watch down century ahead establish. Article least book.', 429, 70),
(71, 'ground', 'Too prepare north return much thought bed. Lay he same letter. Bill oil detail some factor.
Above station learn. Ready become mouth action than. Career mission look better.', 428, 71),
(72, 'day', 'Surface others since. Space determine sign story cup well. Training PM community majority stage. Develop not husband model.', 299, 72),
(73, 'civil', 'Vote me car available light play. Play second anything quality wide prove. Later cover rule operation about blue.', 462, 73),
(74, 'paper', 'Admit education different ok feel. When often no section. How administration safe mouth detail guess.
Without democratic usually soldier treat away. Sport itself movement manage which produce.', 313, 74),
(75, 'job', 'Lose suddenly great put here second leader. Walk attention enjoy other pull discussion boy could. Both box while stock fly. Huge education just occur when avoid quite.', 450, 75),
(76, 'just', 'Letter success defense effect approach past. Force report light whether most cover. War community arrive look cause watch wide.
Fill wife project car. Even religious whom see window nature product.', 320, 76),
(77, 'practice', 'Walk week cause do society with alone. Almost dog threat feel human wall. Anything throughout think none measure condition. Partner when girl join majority decade apply.', 120, 77),
(78, 'way', 'Field realize it set allow cut throughout. Save his present. Hotel growth teach according policy.', 195, 78),
(79, 'individual', 'Sometimes although capital collection. Trial about just tell approach have.
Especially address treat series including. Seven above over. Authority improve institution administration.', 107, 79),
(80, 'spring', 'Manage drop practice while.
Young trip else rise word. Keep down else different west physical real. First future want capital.', 321, 80),
(81, 'before', 'Hour such several majority. He thing job fast eye.
Ok pass share outside. House low officer activity tough race. Subject specific law method consumer mouth eye.', 278, 81),
(82, 'follow', 'Picture successful ball dark quickly. Across society ever thus turn. Safe bit born gas west.', 316, 82),
(83, 'television', 'Her successful treatment realize usually everything long cause. National half example magazine.', 441, 83),
(84, 'education', 'Account write nearly life scientist create. Push television simple son ahead yes modern. Film upon stuff find.
Whether statement artist interview old weight. Conference physical all.', 180, 84),
(85, 'population', 'Republican resource him positive agreement away. Group baby enter.
Occur turn year eight wall week. Security through ever discover. Instead quickly each professional resource professor clear half.', 170, 85),
(86, 'remain', 'Condition matter enough teach. Ahead smile red.
World difficult there protect those. Rich follow smile put choose. Pm control fact visit put run.', 398, 86),
(87, 'woman', 'Board those old by rest how. Build laugh huge not gun particularly.
Win national head central win music help. Left church son little side poor. Parent evidence ground.', 106, 87),
(88, 'game', 'Structure many many movement senior beat necessary. Way poor beat newspaper situation.
Mrs before for both exist. Campaign newspaper left southern natural.', 231, 88),
(89, 'themselves', 'Feeling tonight of significant Congress. Baby child firm write.
Standard concern indicate perform without official. Century husband perhaps across say start open.', 389, 89),
(90, 'without', 'Easy head effort break item happen arrive need. However financial night baby relate any common. Figure time natural who by.', 288, 90),
(91, 'success', 'Despite lead anything pick ability guess so. Week write near together few. Low cut school trouble around trade. Thus than smile case Mrs probably.', 176, 91),
(92, 'difference', 'Ahead its world skin night my. Result red benefit more deep time study.', 54, 92),
(93, 'wear', 'Good official find wait. With because start house outside small. Board common large pay other staff.
Assume success week learn necessary. Sister PM claim night common question have.', 151, 93),
(94, 'fact', 'Worry bag owner discussion dinner threat. Drive board PM support set practice last. Since though sign father trade character market.', 175, 94),
(95, 'quality', 'Old executive town recognize all. Themselves world teach help determine save. Follow social small not through soldier store bill.', 213, 95),
(96, 'region', 'Let dog today population they section old court. Political resource music issue. Personal public tend close.', 59, 96),
(97, 'ability', 'Year conference debate industry perform easy difference. Relationship care ball involve conference fly without. True film exist window minute various.', 305, 97),
(98, 'mind', 'Side decade amount care. Total play author leave capital.', 366, 98),
(99, 'ask', 'Light crime indeed paper. Wide approach lot rest. Interview both allow strong.
Thousand population training I. Around floor or take effort. Help full network theory front everybody door.', 344, 99),
(100, 'government', 'Evidence day edge once look together. Tell adult what hospital least modern opportunity sea. Arrive customer artist medical interview up by.', 271, 100);

INSERT INTO chat (id, client_id, employee_id) VALUES
(1, 34, 35),
(2, 27, 30),
(3, 7, 34),
(4, 14, 1),
(5, 9, 2),
(6, 2, 22),
(7, 7, 6),
(8, 37, 17),
(9, 36, 34),
(10, 35, 34),
(11, 30, 39),
(12, 16, 16),
(13, 1, 11),
(14, 4, 16),
(15, 16, 19),
(16, 35, 33),
(17, 16, 10),
(18, 34, 31),
(19, 10, 30),
(20, 3, 8),
(21, 20, 19),
(22, 26, 15),
(23, 28, 32),
(24, 16, 36),
(25, 11, 23),
(26, 25, 3),
(27, 13, 28),
(28, 2, 23),
(29, 24, 18),
(30, 33, 7),
(31, 24, 17),
(32, 36, 35),
(33, 15, 29),
(34, 21, 1),
(35, 5, 17),
(36, 3, 9),
(37, 36, 37),
(38, 13, 38),
(39, 31, 2),
(40, 34, 37),
(41, 32, 12),
(42, 10, 40),
(43, 18, 33),
(44, 11, 10),
(45, 16, 28),
(46, 19, 2),
(47, 8, 23),
(48, 4, 26),
(49, 39, 37),
(50, 23, 31),
(51, 5, 7),
(52, 4, 20),
(53, 37, 28),
(54, 1, 13),
(55, 11, 14),
(56, 28, 5),
(57, 2, 40),
(58, 28, 31),
(59, 15, 37),
(60, 22, 38),
(61, 13, 12),
(62, 25, 10),
(63, 31, 13),
(64, 29, 27),
(65, 5, 11),
(66, 34, 35),
(67, 9, 7),
(68, 32, 19),
(69, 14, 39),
(70, 28, 29),
(71, 22, 37),
(72, 10, 22),
(73, 35, 35),
(74, 35, 9),
(75, 16, 34),
(76, 6, 15),
(77, 9, 11),
(78, 37, 14),
(79, 27, 3),
(80, 32, 2),
(81, 5, 23),
(82, 1, 12),
(83, 38, 25),
(84, 2, 38),
(85, 2, 35),
(86, 40, 22),
(87, 37, 28),
(88, 29, 16),
(89, 39, 11),
(90, 4, 5),
(91, 34, 12),
(92, 5, 34),
(93, 19, 3),
(94, 39, 38),
(95, 30, 33),
(96, 27, 7),
(97, 24, 6),
(98, 36, 31),
(99, 28, 36),
(100, 25, 12),
(101, 18, 40),
(102, 31, 6),
(103, 9, 15),
(104, 5, 36),
(105, 21, 33),
(106, 39, 40),
(107, 19, 39),
(108, 34, 10),
(109, 40, 39),
(110, 27, 31),
(111, 29, 39),
(112, 8, 6),
(113, 7, 7),
(114, 13, 3),
(115, 33, 13),
(116, 25, 31),
(117, 18, 34),
(118, 40, 24),
(119, 7, 15),
(120, 17, 35),
(121, 7, 27),
(122, 7, 15),
(123, 4, 22),
(124, 26, 11),
(125, 6, 20),
(126, 20, 24),
(127, 32, 34),
(128, 21, 34),
(129, 34, 25),
(130, 36, 26),
(131, 33, 8),
(132, 34, 2),
(133, 16, 30),
(134, 15, 6),
(135, 16, 10),
(136, 11, 26),
(137, 20, 25),
(138, 34, 1),
(139, 20, 16),
(140, 1, 2),
(141, 19, 14),
(142, 33, 30),
(143, 40, 9),
(144, 4, 18),
(145, 29, 11),
(146, 37, 37),
(147, 11, 18),
(148, 30, 40),
(149, 3, 34),
(150, 32, 37),
(151, 11, 2),
(152, 37, 1),
(153, 27, 8),
(154, 29, 24),
(155, 12, 3),
(156, 27, 18),
(157, 4, 21),
(158, 23, 32),
(159, 30, 12),
(160, 29, 29),
(161, 38, 14),
(162, 24, 29),
(163, 23, 3),
(164, 14, 5),
(165, 23, 19),
(166, 1, 32),
(167, 36, 15),
(168, 40, 37),
(169, 26, 30),
(170, 12, 6),
(171, 8, 1),
(172, 19, 16),
(173, 3, 30),
(174, 2, 2),
(175, 39, 18),
(176, 9, 30),
(177, 17, 3),
(178, 37, 13),
(179, 31, 21),
(180, 38, 8),
(181, 35, 35),
(182, 36, 29),
(183, 8, 26),
(184, 29, 12),
(185, 10, 1),
(186, 15, 31),
(187, 9, 34),
(188, 34, 28),
(189, 28, 20),
(190, 39, 34),
(191, 38, 39),
(192, 36, 8),
(193, 24, 19),
(194, 2, 34),
(195, 33, 38),
(196, 15, 8),
(197, 13, 26),
(198, 9, 18),
(199, 6, 33),
(200, 34, 19);

INSERT INTO message (id, type_message, datetime_message, chat_id) VALUES
(1, 'INCOMING', '2023-07-16 09:32:53', 1),
(2, 'OUTGOING', '2023-03-02 19:02:39', 2),
(3, 'INCOMING', '2023-11-10 14:41:42', 2),
(4, 'OUTGOING', '2023-09-19 21:43:27', 3),
(5, 'OUTGOING', '2023-09-27 15:16:55', 3),
(6, 'INCOMING', '2023-09-04 18:30:00', 4),
(7, 'OUTGOING', '2023-07-03 06:55:18', 4),
(8, 'OUTGOING', '2024-01-28 00:03:20', 5),
(9, 'INCOMING', '2023-12-24 01:08:34', 5),
(10, 'INCOMING', '2024-01-08 00:43:02', 6),
(11, 'OUTGOING', '2024-02-27 00:38:29', 6),
(12, 'INCOMING', '2023-06-05 04:44:39', 7),
(13, 'OUTGOING', '2023-08-27 06:56:04', 7),
(14, 'OUTGOING', '2023-09-06 09:01:26', 8),
(15, 'INCOMING', '2023-12-18 23:59:23', 8),
(16, 'OUTGOING', '2023-10-12 10:21:05', 9),
(17, 'OUTGOING', '2023-11-21 11:28:00', 9),
(18, 'INCOMING', '2023-10-04 11:46:36', 10),
(19, 'OUTGOING', '2023-06-06 06:33:56', 10),
(20, 'OUTGOING', '2023-12-09 14:18:46', 11),
(21, 'OUTGOING', '2023-10-02 08:31:43', 11),
(22, 'OUTGOING', '2023-07-07 00:59:16', 12),
(23, 'OUTGOING', '2023-10-11 04:12:36', 12),
(24, 'INCOMING', '2023-05-23 05:15:35', 13),
(25, 'OUTGOING', '2023-11-10 07:50:16', 13),
(26, 'OUTGOING', '2023-12-23 20:21:41', 14),
(27, 'INCOMING', '2023-10-10 07:23:52', 14),
(28, 'OUTGOING', '2023-08-09 05:10:26', 15),
(29, 'INCOMING', '2023-10-25 23:46:41', 15),
(30, 'INCOMING', '2023-11-10 15:42:37', 16),
(31, 'INCOMING', '2023-08-04 03:14:59', 16),
(32, 'OUTGOING', '2023-05-22 10:05:39', 17),
(33, 'INCOMING', '2023-03-30 14:22:19', 17),
(34, 'OUTGOING', '2023-04-13 04:39:47', 18),
(35, 'INCOMING', '2023-07-02 10:23:00', 18),
(36, 'INCOMING', '2023-12-15 15:23:20', 19),
(37, 'OUTGOING', '2024-01-15 23:11:20', 19),
(38, 'INCOMING', '2024-01-09 15:19:56', 20),
(39, 'OUTGOING', '2024-01-15 03:28:53', 20),
(40, 'INCOMING', '2023-07-10 22:59:57', 21),
(41, 'OUTGOING', '2023-12-27 17:13:06', 21),
(42, 'INCOMING', '2023-06-30 13:20:16', 22),
(43, 'OUTGOING', '2024-01-14 18:36:43', 22),
(44, 'INCOMING', '2023-03-03 06:20:23', 23),
(45, 'INCOMING', '2023-05-27 09:27:41', 23),
(46, 'INCOMING', '2023-11-23 00:32:21', 24),
(47, 'OUTGOING', '2023-05-19 06:23:01', 24),
(48, 'OUTGOING', '2023-12-18 08:28:43', 25),
(49, 'INCOMING', '2023-10-26 23:32:25', 25),
(50, 'INCOMING', '2023-10-14 09:19:35', 26),
(51, 'INCOMING', '2023-08-27 23:07:18', 26),
(52, 'INCOMING', '2023-06-10 09:14:13', 27),
(53, 'OUTGOING', '2023-10-20 23:04:56', 27),
(54, 'INCOMING', '2023-07-21 16:06:22', 28),
(55, 'INCOMING', '2023-06-18 19:00:51', 28),
(56, 'INCOMING', '2023-04-11 05:29:37', 29),
(57, 'OUTGOING', '2023-05-05 20:38:35', 29),
(58, 'INCOMING', '2023-07-31 01:58:05', 30),
(59, 'OUTGOING', '2023-06-22 07:46:38', 30),
(60, 'OUTGOING', '2023-07-20 02:25:14', 31),
(61, 'INCOMING', '2023-04-29 02:46:57', 31),
(62, 'OUTGOING', '2023-11-28 01:12:23', 32),
(63, 'OUTGOING', '2024-02-19 18:41:28', 32),
(64, 'OUTGOING', '2024-02-24 14:01:17', 33),
(65, 'OUTGOING', '2023-08-26 18:47:06', 33),
(66, 'INCOMING', '2023-10-25 21:21:29', 34),
(67, 'OUTGOING', '2023-03-30 03:59:24', 34),
(68, 'OUTGOING', '2023-04-28 12:40:52', 35),
(69, 'OUTGOING', '2024-02-11 11:46:59', 35),
(70, 'INCOMING', '2023-09-12 11:50:22', 36),
(71, 'OUTGOING', '2023-08-26 20:54:33', 36),
(72, 'INCOMING', '2023-05-28 06:48:44', 37),
(73, 'OUTGOING', '2023-11-23 11:58:29', 37),
(74, 'INCOMING', '2023-06-16 01:42:36', 38),
(75, 'OUTGOING', '2023-05-26 05:47:06', 38),
(76, 'INCOMING', '2024-02-27 19:12:06', 39),
(77, 'OUTGOING', '2023-09-17 04:47:07', 39),
(78, 'OUTGOING', '2023-05-31 07:47:16', 40),
(79, 'OUTGOING', '2023-03-10 03:03:48', 40),
(80, 'OUTGOING', '2023-11-19 04:26:34', 41),
(81, 'OUTGOING', '2024-01-19 00:20:08', 41),
(82, 'OUTGOING', '2023-10-20 04:23:08', 42),
(83, 'INCOMING', '2023-05-20 15:00:29', 42),
(84, 'OUTGOING', '2023-04-05 07:17:51', 43),
(85, 'INCOMING', '2023-09-04 19:05:28', 43),
(86, 'INCOMING', '2023-05-10 06:23:44', 44),
(87, 'OUTGOING', '2023-11-09 23:50:31', 44),
(88, 'OUTGOING', '2023-08-30 21:01:05', 45),
(89, 'OUTGOING', '2023-11-15 23:37:17', 45),
(90, 'OUTGOING', '2023-03-14 10:28:37', 46),
(91, 'OUTGOING', '2023-04-26 15:25:28', 46),
(92, 'INCOMING', '2024-01-16 05:37:25', 47),
(93, 'OUTGOING', '2024-01-03 07:12:06', 47),
(94, 'INCOMING', '2023-08-31 00:06:20', 48),
(95, 'INCOMING', '2023-12-09 01:34:09', 48),
(96, 'OUTGOING', '2024-01-28 17:42:30', 49),
(97, 'INCOMING', '2023-12-07 19:25:25', 49),
(98, 'OUTGOING', '2023-10-29 21:27:11', 50),
(99, 'INCOMING', '2023-08-28 05:01:38', 50),
(100, 'OUTGOING', '2023-07-28 18:37:54', 51),
(101, 'INCOMING', '2023-03-21 12:24:34', 51),
(102, 'OUTGOING', '2023-08-12 12:26:25', 52),
(103, 'INCOMING', '2023-12-18 14:45:34', 52),
(104, 'INCOMING', '2023-06-29 18:56:36', 53),
(105, 'OUTGOING', '2023-10-03 15:12:02', 53),
(106, 'INCOMING', '2023-12-20 09:50:46', 54),
(107, 'INCOMING', '2023-10-16 11:13:42', 54),
(108, 'OUTGOING', '2024-01-08 02:10:21', 55),
(109, 'OUTGOING', '2023-08-07 16:02:02', 55),
(110, 'INCOMING', '2023-11-24 09:04:52', 56),
(111, 'OUTGOING', '2023-05-24 04:43:33', 56),
(112, 'OUTGOING', '2023-05-05 01:45:37', 57),
(113, 'INCOMING', '2023-12-06 03:43:19', 57),
(114, 'INCOMING', '2023-11-25 09:43:31', 58),
(115, 'OUTGOING', '2023-10-06 13:34:19', 58),
(116, 'INCOMING', '2023-10-04 07:19:54', 59),
(117, 'INCOMING', '2023-03-11 07:25:11', 59),
(118, 'OUTGOING', '2023-05-18 08:32:46', 60),
(119, 'OUTGOING', '2023-10-04 22:08:06', 60),
(120, 'OUTGOING', '2023-03-24 07:47:11', 61),
(121, 'OUTGOING', '2023-12-10 21:20:58', 61),
(122, 'INCOMING', '2023-05-20 18:04:27', 62),
(123, 'OUTGOING', '2023-08-19 16:31:02', 62),
(124, 'INCOMING', '2023-04-21 18:48:23', 63),
(125, 'INCOMING', '2023-08-16 09:42:13', 63),
(126, 'INCOMING', '2023-11-12 02:25:39', 64),
(127, 'OUTGOING', '2023-08-24 02:47:59', 64),
(128, 'INCOMING', '2023-03-23 05:16:21', 65),
(129, 'OUTGOING', '2023-07-31 21:18:24', 65),
(130, 'OUTGOING', '2024-01-17 02:41:16', 66),
(131, 'OUTGOING', '2023-05-28 10:06:20', 66),
(132, 'INCOMING', '2023-12-01 03:17:38', 67),
(133, 'OUTGOING', '2024-01-12 07:13:22', 67),
(134, 'OUTGOING', '2023-11-14 07:26:15', 68),
(135, 'INCOMING', '2023-07-10 18:56:00', 68),
(136, 'INCOMING', '2023-08-12 07:19:56', 69),
(137, 'OUTGOING', '2023-04-03 11:58:23', 69),
(138, 'OUTGOING', '2023-04-05 10:47:03', 70),
(139, 'OUTGOING', '2023-05-23 01:20:03', 70),
(140, 'INCOMING', '2023-03-29 12:23:23', 71),
(141, 'OUTGOING', '2024-01-30 03:13:30', 71),
(142, 'INCOMING', '2023-05-16 17:36:00', 72),
(143, 'INCOMING', '2023-05-23 04:19:06', 72),
(144, 'OUTGOING', '2023-12-12 23:09:32', 73),
(145, 'INCOMING', '2023-03-09 22:18:49', 73),
(146, 'OUTGOING', '2024-01-05 22:41:41', 74),
(147, 'OUTGOING', '2023-10-29 03:50:41', 74),
(148, 'OUTGOING', '2023-06-09 07:02:47', 75),
(149, 'OUTGOING', '2023-09-27 03:41:08', 75),
(150, 'INCOMING', '2023-04-08 17:53:54', 76);

INSERT INTO possession (id, client_id, car_id) VALUES
(1, 1, 1),
(2, 2, 2),
(3, 2, 2),
(4, 3, 3),
(5, 3, 3),
(6, 4, 4),
(7, 4, 4),
(8, 5, 5),
(9, 5, 5),
(10, 6, 6),
(11, 6, 6),
(12, 7, 7),
(13, 7, 7),
(14, 8, 8),
(15, 8, 8),
(16, 9, 9),
(17, 9, 9),
(18, 10, 10),
(19, 10, 10),
(20, 11, 11),
(21, 11, 11),
(22, 12, 12),
(23, 12, 12),
(24, 13, 13),
(25, 13, 13),
(26, 14, 14),
(27, 14, 14),
(28, 15, 15),
(29, 15, 15),
(30, 16, 16),
(31, 16, 16),
(32, 17, 17),
(33, 17, 17),
(34, 18, 18),
(35, 18, 18),
(36, 19, 19),
(37, 19, 19),
(38, 20, 20),
(39, 20, 20),
(40, 21, 21),
(41, 21, 21),
(42, 22, 22),
(43, 22, 22),
(44, 23, 23),
(45, 23, 23),
(46, 24, 24),
(47, 24, 24),
(48, 25, 25),
(49, 25, 25),
(50, 26, 26),
(51, 26, 26),
(52, 27, 27),
(53, 27, 27),
(54, 28, 28),
(55, 28, 28),
(56, 29, 29),
(57, 29, 29),
(58, 30, 30),
(59, 30, 30),
(60, 31, 31),
(61, 31, 31),
(62, 32, 32),
(63, 32, 32),
(64, 33, 33),
(65, 33, 33),
(66, 34, 34),
(67, 34, 34),
(68, 35, 35),
(69, 35, 35),
(70, 36, 36),
(71, 36, 36),
(72, 37, 37),
(73, 37, 37),
(74, 38, 38),
(75, 38, 38),
(76, 39, 39),
(77, 39, 39),
(78, 40, 40),
(79, 40, 40),
(80, 41, 41),
(81, 41, 41),
(82, 42, 42),
(83, 42, 42),
(84, 43, 43),
(85, 43, 43),
(86, 44, 44),
(87, 44, 44),
(88, 45, 45),
(89, 45, 45),
(90, 46, 46),
(91, 46, 46),
(92, 47, 47),
(93, 47, 47),
(94, 48, 48),
(95, 48, 48),
(96, 49, 49),
(97, 49, 49),
(98, 50, 50),
(99, 50, 50),
(100, 51, 51);

INSERT INTO my_order (id, datetime_order, status_order, start_time, end_time, service_id, employee_id, car_id) VALUES
(1, '2024-01-27 19:19:52', 'CANCELLED', '2024-10-17 00:35:21', '2024-02-28 11:37:08', 53, 7, 1),
(2, '2023-12-05 01:05:00', 'AWAITING_PAYMENT', '2024-12-18 19:08:42', '2024-02-28 08:42:59', 42, 7, 2),
(3, '2023-11-25 08:22:38', 'IN_PROCESSING', '2024-08-27 07:18:15', '2024-02-28 13:40:01', 3, 21, 3),
(4, '2023-04-11 21:22:22', 'REJECTED', '2024-05-29 10:32:04', '2024-02-27 21:35:20', 21, 32, 4),
(5, '2023-03-27 00:59:34', 'REJECTED', '2024-03-23 04:45:14', '2024-02-28 05:27:40', 14, 14, 5),
(6, '2023-05-04 14:21:31', 'IN_PROCESSING', '2024-12-25 17:42:48', '2024-02-27 22:11:31', 26, 38, 6),
(7, '2023-04-16 11:19:24', 'REJECTED', '2024-06-24 17:34:54', '2024-02-28 11:17:31', 53, 34, 7),
(8, '2023-07-29 12:00:12', 'REJECTED', '2024-05-12 17:28:03', '2024-02-28 14:48:06', 75, 37, 8),
(9, '2023-03-11 17:10:19', 'COMPLETED', '2024-12-17 08:26:11', '2024-02-28 11:05:47', 33, 31, 9),
(10, '2023-10-05 08:37:54', 'REJECTED', '2025-02-10 00:27:56', '2024-02-27 21:56:08', 69, 34, 10),
(11, '2024-02-22 18:01:40', 'REJECTED', '2024-05-01 15:02:33', '2024-02-28 00:47:37', 34, 7, 11),
(12, '2023-07-30 01:10:36', 'COMPLETED', '2024-10-11 18:20:18', '2024-02-27 23:08:46', 3, 31, 12),
(13, '2023-11-30 09:05:32', 'REJECTED', '2024-06-12 11:39:06', '2024-02-27 23:14:35', 52, 17, 13),
(14, '2024-01-22 22:47:41', 'CANCELLED', '2024-11-19 18:14:20', '2024-02-28 15:17:05', 76, 1, 14),
(15, '2023-07-29 11:51:06', 'COMPLETED', '2025-02-23 18:22:36', '2024-02-28 03:08:02', 47, 6, 15),
(16, '2023-08-31 09:57:19', 'NEW', '2025-01-03 15:09:44', '2024-02-28 16:50:30', 89, 38, 16),
(17, '2023-07-15 09:01:41', 'IN_PROCESSING', '2024-08-08 13:13:17', '2024-02-28 15:24:44', 8, 31, 17),
(18, '2024-01-29 18:28:43', 'IN_PROCESSING', '2024-08-02 04:30:31', '2024-02-28 07:42:28', 72, 33, 18),
(19, '2023-05-19 09:34:41', 'NEW', '2024-06-17 13:44:45', '2024-02-28 00:59:48', 55, 8, 19),
(20, '2023-05-03 02:28:35', 'AWAITING_PAYMENT', '2024-10-15 02:49:44', '2024-02-28 09:43:57', 30, 13, 20),
(21, '2023-04-09 13:12:48', 'NEW', '2024-10-25 19:28:43', '2024-02-28 06:13:14', 82, 39, 21),
(22, '2024-02-22 22:08:06', 'NEW', '2024-10-18 15:45:51', '2024-02-27 23:56:52', 35, 5, 22),
(23, '2023-12-16 18:14:12', 'IN_PROCESSING', '2024-07-05 11:50:37', '2024-02-28 03:12:00', 90, 3, 23),
(24, '2023-10-06 03:49:45', 'AWAITING_PAYMENT', '2024-10-24 11:25:32', '2024-02-27 22:50:03', 45, 9, 24),
(25, '2023-08-14 21:02:41', 'COMPLETED', '2024-06-21 03:48:06', '2024-02-28 18:24:08', 88, 38, 25),
(26, '2023-08-17 15:10:30', 'AWAITING_PAYMENT', '2024-03-29 17:43:39', '2024-02-28 07:55:24', 86, 26, 26),
(27, '2023-05-11 18:17:36', 'NEW', '2024-09-22 18:10:40', '2024-02-28 05:06:59', 57, 9, 27),
(28, '2024-01-03 07:15:19', 'CANCELLED', '2024-12-08 14:03:12', '2024-02-28 10:30:25', 79, 3, 28),
(29, '2023-09-23 04:52:46', 'IN_PROCESSING', '2024-05-18 07:25:06', '2024-02-28 04:30:28', 80, 22, 29),
(30, '2023-12-04 07:16:01', 'CANCELLED', '2024-07-26 02:07:21', '2024-02-28 17:45:08', 10, 27, 30),
(31, '2023-06-20 00:05:52', 'NEW', '2024-11-30 10:21:47', '2024-02-28 03:48:59', 87, 19, 31),
(32, '2024-01-30 07:31:37', 'CANCELLED', '2024-09-17 11:44:06', '2024-02-28 11:29:19', 11, 1, 32),
(33, '2023-05-06 17:04:14', 'AWAITING_PAYMENT', '2024-12-10 01:19:32', '2024-02-28 10:59:00', 41, 14, 33),
(34, '2023-07-05 02:51:21', 'NEW', '2024-12-27 00:01:39', '2024-02-28 08:43:26', 21, 3, 34),
(35, '2023-12-13 01:28:10', 'CANCELLED', '2024-09-03 07:21:01', '2024-02-28 03:01:09', 37, 9, 35),
(36, '2023-05-24 12:12:49', 'AWAITING_PAYMENT', '2024-06-01 23:54:18', '2024-02-28 10:14:17', 45, 24, 36),
(37, '2023-11-27 07:00:53', 'AWAITING_PAYMENT', '2024-12-18 23:32:49', '2024-02-28 10:11:25', 47, 26, 37),
(38, '2023-05-03 16:22:51', 'NEW', '2024-04-14 10:54:06', '2024-02-28 02:45:11', 4, 33, 38),
(39, '2023-06-22 23:10:59', 'CANCELLED', '2024-11-05 21:44:24', '2024-02-28 15:32:22', 82, 19, 39),
(40, '2023-06-09 17:11:03', 'IN_PROCESSING', '2024-05-06 13:14:55', '2024-02-27 22:12:43', 17, 20, 40),
(41, '2023-12-31 14:21:05', 'AWAITING_PAYMENT', '2024-06-21 03:34:37', '2024-02-28 08:45:05', 37, 33, 41),
(42, '2023-07-05 19:42:39', 'COMPLETED', '2024-04-05 06:24:45', '2024-02-28 07:33:27', 48, 12, 42),
(43, '2023-12-08 19:36:39', 'COMPLETED', '2024-07-03 20:32:55', '2024-02-27 21:12:15', 90, 21, 43),
(44, '2023-11-08 15:43:11', 'AWAITING_PAYMENT', '2024-04-07 19:02:54', '2024-02-28 08:33:42', 85, 9, 44),
(45, '2023-04-14 19:07:37', 'AWAITING_PAYMENT', '2024-10-21 06:03:49', '2024-02-28 12:06:33', 74, 32, 45),
(46, '2023-09-02 09:29:22', 'IN_PROCESSING', '2024-08-10 20:34:53', '2024-02-28 11:37:22', 33, 22, 46),
(47, '2023-04-18 10:33:25', 'AWAITING_PAYMENT', '2024-06-25 10:59:51', '2024-02-28 04:01:00', 18, 37, 47),
(48, '2023-06-23 16:11:42', 'AWAITING_PAYMENT', '2025-02-15 06:27:26', '2024-02-27 23:26:52', 5, 23, 48),
(49, '2023-06-05 08:51:54', 'AWAITING_PAYMENT', '2024-06-10 01:15:22', '2024-02-27 21:25:09', 23, 20, 49),
(50, '2023-04-25 12:22:01', 'COMPLETED', '2024-12-16 01:03:44', '2024-02-28 03:55:18', 70, 15, 50),
(51, '2023-07-10 01:52:10', 'IN_PROCESSING', '2024-07-21 04:14:38', '2024-02-28 14:09:10', 60, 29, 51),
(52, '2023-09-23 12:15:56', 'REJECTED', '2025-01-25 12:30:46', '2024-02-28 12:12:28', 28, 3, 52),
(53, '2023-07-15 17:05:18', 'IN_PROCESSING', '2024-07-09 16:43:14', '2024-02-28 00:33:49', 2, 8, 53),
(54, '2023-09-05 08:40:57', 'COMPLETED', '2024-08-09 08:03:03', '2024-02-28 13:28:48', 27, 7, 54),
(55, '2023-04-15 05:28:45', 'IN_PROCESSING', '2024-11-06 15:57:36', '2024-02-28 15:46:24', 75, 23, 55),
(56, '2023-05-04 09:19:59', 'NEW', '2024-04-04 03:06:04', '2024-02-28 03:46:50', 62, 38, 56),
(57, '2023-05-08 19:55:35', 'IN_PROCESSING', '2025-01-10 06:07:53', '2024-02-27 22:04:43', 54, 27, 57),
(58, '2024-01-22 04:51:01', 'AWAITING_PAYMENT', '2024-09-04 00:01:08', '2024-02-28 09:30:00', 75, 4, 58),
(59, '2023-04-29 17:36:40', 'REJECTED', '2024-06-12 15:28:06', '2024-02-28 13:21:06', 2, 20, 59),
(60, '2024-02-07 18:21:59', 'REJECTED', '2024-10-12 07:54:27', '2024-02-27 22:10:29', 66, 29, 60),
(61, '2023-03-29 15:39:08', 'AWAITING_PAYMENT', '2025-02-18 06:22:35', '2024-02-28 04:53:35', 55, 11, 61),
(62, '2024-02-03 14:32:31', 'NEW', '2024-08-01 01:01:33', '2024-02-28 09:14:58', 90, 12, 62),
(63, '2024-01-15 14:33:17', 'IN_PROCESSING', '2024-12-01 14:40:10', '2024-02-28 16:57:02', 27, 16, 63),
(64, '2023-03-09 03:52:47', 'CANCELLED', '2024-05-06 22:16:34', '2024-02-28 11:21:00', 41, 34, 64),
(65, '2023-10-28 13:36:29', 'REJECTED', '2024-04-04 12:29:36', '2024-02-28 00:52:30', 80, 36, 65),
(66, '2023-04-18 10:56:05', 'COMPLETED', '2024-09-09 07:45:09', '2024-02-27 22:13:46', 22, 10, 66),
(67, '2023-09-23 04:43:21', 'IN_PROCESSING', '2024-12-14 23:44:11', '2024-02-28 05:16:57', 51, 23, 67),
(68, '2023-08-03 12:55:22', 'CANCELLED', '2024-06-23 01:20:39', '2024-02-28 14:20:53', 2, 11, 68),
(69, '2023-12-12 16:00:59', 'IN_PROCESSING', '2024-06-20 06:22:47', '2024-02-28 12:33:09', 40, 22, 69),
(70, '2023-07-31 03:13:55', 'NEW', '2024-04-03 08:29:57', '2024-02-28 00:17:12', 89, 14, 70),
(71, '2023-12-10 10:08:39', 'IN_PROCESSING', '2024-09-21 21:13:01', '2024-02-27 21:38:22', 5, 27, 71),
(72, '2023-03-22 18:15:21', 'REJECTED', '2024-12-13 20:15:15', '2024-02-27 23:01:58', 22, 25, 72),
(73, '2023-12-02 04:04:49', 'CANCELLED', '2024-12-18 00:17:57', '2024-02-28 04:30:53', 54, 20, 73),
(74, '2023-06-06 00:33:49', 'AWAITING_PAYMENT', '2024-06-05 14:34:24', '2024-02-28 05:55:50', 42, 4, 74),
(75, '2023-09-17 15:45:20', 'CANCELLED', '2024-05-28 05:43:14', '2024-02-28 07:19:26', 40, 3, 75),
(76, '2023-12-27 16:24:19', 'REJECTED', '2024-07-19 04:57:56', '2024-02-28 00:01:26', 78, 9, 76),
(77, '2024-02-21 13:03:56', 'REJECTED', '2025-02-26 17:30:16', '2024-02-27 21:37:52', 12, 7, 77),
(78, '2023-04-11 02:53:37', 'AWAITING_PAYMENT', '2025-02-25 06:13:47', '2024-02-28 08:21:19', 11, 23, 78),
(79, '2023-09-14 15:51:41', 'IN_PROCESSING', '2024-04-14 17:18:41', '2024-02-28 06:21:44', 49, 28, 79),
(80, '2024-02-07 18:13:42', 'REJECTED', '2024-07-20 10:47:26', '2024-02-28 10:08:21', 89, 15, 80),
(81, '2023-10-29 16:05:41', 'IN_PROCESSING', '2024-06-11 12:39:27', '2024-02-28 07:48:58', 52, 22, 81),
(82, '2023-12-06 20:52:25', 'REJECTED', '2024-09-08 09:35:56', '2024-02-28 03:22:14', 6, 22, 82),
(83, '2023-07-01 22:03:24', 'REJECTED', '2024-12-23 21:42:37', '2024-02-27 22:35:50', 43, 22, 83),
(84, '2024-02-12 05:28:00', 'NEW', '2024-08-17 19:22:26', '2024-02-28 00:43:33', 28, 25, 84),
(85, '2023-09-01 08:25:22', 'CANCELLED', '2024-05-24 09:14:55', '2024-02-28 05:20:11', 86, 24, 85),
(86, '2023-05-31 05:33:15', 'CANCELLED', '2024-03-24 11:02:43', '2024-02-28 07:13:43', 51, 5, 86),
(87, '2023-12-01 11:24:44', 'REJECTED', '2025-02-20 02:24:09', '2024-02-28 10:46:17', 37, 32, 87),
(88, '2024-01-09 08:18:30', 'COMPLETED', '2024-04-19 22:22:53', '2024-02-28 11:57:02', 84, 29, 88),
(89, '2023-02-28 17:46:55', 'IN_PROCESSING', '2025-01-23 08:58:00', '2024-02-28 10:24:31', 80, 21, 89),
(90, '2023-11-27 22:01:38', 'IN_PROCESSING', '2024-08-29 02:23:50', '2024-02-28 18:40:06', 42, 15, 90),
(91, '2023-08-07 18:00:53', 'NEW', '2024-11-16 13:24:31', '2024-02-28 12:06:04', 57, 6, 91),
(92, '2023-09-26 00:52:15', 'REJECTED', '2025-01-28 21:11:17', '2024-02-28 09:55:33', 29, 31, 92),
(93, '2024-02-07 09:25:10', 'IN_PROCESSING', '2024-09-06 03:09:13', '2024-02-28 01:13:35', 68, 3, 93),
(94, '2023-12-06 05:11:32', 'IN_PROCESSING', '2024-10-15 18:38:19', '2024-02-28 18:23:28', 85, 25, 94),
(95, '2023-08-28 13:14:28', 'IN_PROCESSING', '2025-01-20 21:57:15', '2024-02-28 18:54:25', 65, 33, 95),
(96, '2023-07-31 12:30:41', 'CANCELLED', '2024-08-24 03:56:17', '2024-02-27 23:01:06', 60, 28, 96),
(97, '2023-11-07 09:37:01', 'NEW', '2024-04-07 02:28:43', '2024-02-28 12:48:08', 5, 1, 97),
(98, '2023-09-05 11:07:17', 'COMPLETED', '2024-09-27 19:05:17', '2024-02-28 11:27:34', 9, 33, 98),
(99, '2024-01-19 17:55:05', 'COMPLETED', '2024-11-01 02:53:20', '2024-02-28 10:52:29', 68, 5, 99),
(100, '2023-09-20 10:13:37', 'NEW', '2024-12-13 22:49:24', '2024-02-28 02:49:30', 23, 9, 100),
(101, '2023-07-12 13:46:06', 'CANCELLED', '2024-09-01 15:03:32', '2024-02-28 05:38:03', 25, 17, 101),
(102, '2023-08-10 00:33:29', 'COMPLETED', '2024-03-06 02:03:56', '2024-02-27 20:33:16', 35, 38, 102),
(103, '2023-09-04 19:47:16', 'NEW', '2025-01-26 14:26:16', '2024-02-28 07:34:51', 68, 7, 103),
(104, '2024-01-02 14:21:16', 'AWAITING_PAYMENT', '2024-08-20 21:04:48', '2024-02-28 15:42:23', 8, 18, 104),
(105, '2023-03-04 18:08:33', 'AWAITING_PAYMENT', '2025-02-11 09:14:29', '2024-02-28 11:20:40', 87, 39, 105),
(106, '2023-03-31 02:46:31', 'CANCELLED', '2024-10-01 04:53:16', '2024-02-28 02:14:58', 56, 21, 106),
(107, '2023-05-09 20:04:54', 'AWAITING_PAYMENT', '2024-03-25 13:28:40', '2024-02-28 11:52:47', 56, 12, 107),
(108, '2023-12-05 06:11:50', 'REJECTED', '2025-02-19 05:57:00', '2024-02-28 01:49:23', 70, 13, 108),
(109, '2023-08-18 08:07:35', 'REJECTED', '2024-04-19 16:34:59', '2024-02-28 17:09:42', 60, 22, 109),
(110, '2023-04-28 16:27:07', 'AWAITING_PAYMENT', '2024-07-18 18:30:31', '2024-02-28 12:49:42', 4, 36, 110),
(111, '2023-08-19 04:13:29', 'AWAITING_PAYMENT', '2025-02-16 02:06:29', '2024-02-28 10:49:58', 39, 7, 111),
(112, '2023-06-27 12:44:26', 'COMPLETED', '2024-08-13 07:25:10', '2024-02-28 05:44:24', 70, 38, 112),
(113, '2024-01-31 17:04:28', 'IN_PROCESSING', '2024-05-07 08:53:46', '2024-02-28 11:37:19', 76, 27, 113),
(114, '2024-01-17 22:52:48', 'NEW', '2024-08-01 08:57:33', '2024-02-28 16:20:14', 36, 16, 114),
(115, '2023-06-22 16:55:49', 'AWAITING_PAYMENT', '2024-05-16 13:41:25', '2024-02-28 04:19:23', 38, 34, 115),
(116, '2023-10-25 08:53:21', 'AWAITING_PAYMENT', '2024-10-28 06:22:57', '2024-02-28 12:46:59', 36, 11, 116),
(117, '2023-10-27 05:40:45', 'NEW', '2024-10-09 03:17:27', '2024-02-27 23:41:26', 32, 22, 117),
(118, '2023-12-18 11:40:49', 'IN_PROCESSING', '2024-06-18 00:33:58', '2024-02-28 08:39:37', 18, 13, 118),
(119, '2023-08-13 21:06:28', 'COMPLETED', '2024-08-09 13:53:47', '2024-02-28 01:24:43', 82, 22, 119),
(120, '2024-01-23 12:38:31', 'CANCELLED', '2024-05-12 09:47:19', '2024-02-28 08:21:06', 28, 1, 120),
(121, '2023-04-26 08:10:07', 'IN_PROCESSING', '2024-04-19 00:35:02', '2024-02-27 21:14:01', 58, 18, 121),
(122, '2023-07-05 05:22:31', 'CANCELLED', '2025-01-06 11:51:07', '2024-02-28 10:53:21', 2, 28, 122),
(123, '2023-03-09 23:35:11', 'CANCELLED', '2024-10-19 13:01:37', '2024-02-28 06:09:14', 47, 38, 123),
(124, '2024-02-21 00:22:14', 'REJECTED', '2025-02-05 12:42:08', '2024-02-28 08:59:22', 34, 31, 124),
(125, '2023-10-31 08:11:18', 'REJECTED', '2024-12-03 12:56:13', '2024-02-28 00:48:35', 14, 33, 125),
(126, '2023-03-29 07:03:24', 'REJECTED', '2024-04-05 07:29:28', '2024-02-28 17:15:06', 48, 23, 126),
(127, '2024-01-31 07:00:23', 'REJECTED', '2024-11-06 12:23:08', '2024-02-27 21:56:23', 39, 40, 127),
(128, '2024-01-17 15:31:36', 'COMPLETED', '2024-04-12 12:09:44', '2024-02-28 10:38:59', 76, 6, 128),
(129, '2023-12-13 18:25:56', 'REJECTED', '2024-07-23 20:54:43', '2024-02-27 20:16:56', 49, 30, 129),
(130, '2024-01-03 15:40:45', 'REJECTED', '2024-12-16 02:11:03', '2024-02-28 14:31:48', 75, 15, 130),
(131, '2023-07-23 22:41:23', 'REJECTED', '2024-11-14 01:39:43', '2024-02-28 16:29:12', 67, 20, 131),
(132, '2023-04-17 07:48:03', 'COMPLETED', '2024-09-26 19:21:40', '2024-02-28 16:22:33', 37, 2, 132),
(133, '2023-10-16 00:33:23', 'CANCELLED', '2024-09-28 01:41:43', '2024-02-28 15:03:43', 82, 21, 133),
(134, '2024-02-15 17:52:24', 'NEW', '2024-11-10 11:39:10', '2024-02-28 10:50:31', 20, 21, 134),
(135, '2023-05-03 14:43:40', 'CANCELLED', '2024-10-16 23:32:00', '2024-02-28 05:20:23', 42, 24, 135),
(136, '2024-02-05 10:40:57', 'AWAITING_PAYMENT', '2024-07-09 03:56:39', '2024-02-28 16:17:25', 22, 21, 136),
(137, '2023-07-22 07:53:45', 'AWAITING_PAYMENT', '2024-11-25 22:46:10', '2024-02-28 13:06:03', 20, 25, 137),
(138, '2023-08-18 01:06:42', 'AWAITING_PAYMENT', '2024-08-16 18:15:40', '2024-02-28 14:22:19', 52, 14, 138),
(139, '2023-08-04 03:56:22', 'COMPLETED', '2024-11-14 11:15:10', '2024-02-27 22:32:12', 1, 16, 139),
(140, '2023-08-31 07:16:04', 'NEW', '2024-08-03 04:29:57', '2024-02-28 08:21:44', 15, 33, 140),
(141, '2023-10-23 23:26:05', 'REJECTED', '2024-10-26 13:01:26', '2024-02-28 08:48:17', 73, 7, 141),
(142, '2023-10-02 13:44:13', 'IN_PROCESSING', '2024-04-26 08:14:16', '2024-02-28 07:23:33', 46, 1, 142),
(143, '2023-07-27 21:30:56', 'NEW', '2024-06-18 17:37:33', '2024-02-28 05:19:51', 84, 18, 143),
(144, '2024-01-30 18:45:52', 'CANCELLED', '2024-11-18 23:51:38', '2024-02-28 17:30:12', 12, 18, 144),
(145, '2023-09-08 04:50:27', 'IN_PROCESSING', '2024-10-05 11:29:18', '2024-02-28 13:14:27', 10, 7, 145),
(146, '2023-04-05 09:59:33', 'NEW', '2024-08-19 12:24:17', '2024-02-28 17:19:26', 63, 32, 146),
(147, '2023-03-14 08:13:23', 'AWAITING_PAYMENT', '2024-07-09 02:26:52', '2024-02-28 07:34:34', 14, 17, 147),
(148, '2023-04-13 20:25:50', 'AWAITING_PAYMENT', '2024-05-08 06:34:32', '2024-02-28 00:57:20', 78, 13, 148),
(149, '2023-11-29 07:55:37', 'NEW', '2024-08-22 02:27:27', '2024-02-28 16:28:39', 61, 9, 149),
(150, '2024-02-11 01:13:44', 'CANCELLED', '2024-05-03 04:08:40', '2024-02-28 13:48:54', 4, 8, 150),
(151, '2024-02-05 09:20:37', 'COMPLETED', '2024-09-19 23:13:43', '2024-02-28 14:14:19', 48, 15, 151),
(152, '2023-11-24 09:40:32', 'REJECTED', '2024-04-11 05:33:32', '2024-02-28 14:50:56', 61, 6, 152),
(153, '2023-05-11 23:14:28', 'AWAITING_PAYMENT', '2024-11-08 22:39:27', '2024-02-28 02:18:14', 65, 21, 153),
(154, '2023-09-14 12:11:06', 'CANCELLED', '2024-12-01 05:39:32', '2024-02-28 15:48:12', 25, 23, 154),
(155, '2023-05-25 08:31:07', 'NEW', '2024-08-08 07:09:01', '2024-02-27 22:33:12', 55, 12, 155),
(156, '2023-07-25 21:47:20', 'REJECTED', '2025-02-26 05:26:15', '2024-02-28 11:56:01', 64, 8, 156),
(157, '2023-03-30 13:29:39', 'IN_PROCESSING', '2024-04-15 02:41:00', '2024-02-28 16:48:42', 59, 20, 157),
(158, '2023-08-11 23:43:50', 'NEW', '2024-07-21 05:03:51', '2024-02-28 09:53:31', 3, 39, 158),
(159, '2023-05-03 17:24:23', 'CANCELLED', '2024-09-04 01:11:05', '2024-02-28 14:53:02', 80, 24, 159),
(160, '2023-09-13 15:59:23', 'REJECTED', '2024-06-24 15:51:04', '2024-02-28 08:50:55', 66, 4, 160),
(161, '2023-11-06 20:32:14', 'REJECTED', '2024-09-07 00:50:47', '2024-02-28 19:11:21', 88, 40, 161),
(162, '2023-03-06 07:14:33', 'REJECTED', '2025-01-28 06:56:16', '2024-02-28 02:29:14', 41, 9, 162),
(163, '2023-11-20 00:09:58', 'IN_PROCESSING', '2024-05-20 19:32:16', '2024-02-28 11:50:04', 8, 14, 163),
(164, '2024-01-16 22:32:23', 'COMPLETED', '2024-11-14 09:19:44', '2024-02-28 10:19:13', 53, 11, 164),
(165, '2023-05-19 12:53:01', 'REJECTED', '2024-08-17 16:06:18', '2024-02-28 10:52:56', 37, 11, 165),
(166, '2024-01-01 06:34:38', 'IN_PROCESSING', '2025-02-26 20:24:08', '2024-02-28 18:51:01', 40, 37, 166),
(167, '2024-01-25 18:55:18', 'CANCELLED', '2024-05-24 17:06:24', '2024-02-27 20:19:45', 12, 13, 167),
(168, '2023-11-15 19:29:05', 'IN_PROCESSING', '2025-01-21 13:25:46', '2024-02-28 05:01:13', 85, 29, 168),
(169, '2024-01-16 08:07:44', 'REJECTED', '2024-09-09 10:37:46', '2024-02-28 17:29:11', 82, 40, 169),
(170, '2023-04-05 18:57:06', 'IN_PROCESSING', '2024-06-02 15:43:35', '2024-02-28 09:40:50', 90, 20, 170),
(171, '2023-04-05 04:40:05', 'REJECTED', '2024-09-17 21:00:54', '2024-02-28 12:08:48', 46, 38, 171),
(172, '2023-12-20 06:13:03', 'AWAITING_PAYMENT', '2025-02-26 02:36:11', '2024-02-28 02:43:41', 42, 28, 172),
(173, '2023-07-08 17:29:00', 'REJECTED', '2024-07-12 14:21:49', '2024-02-28 01:20:39', 46, 31, 173),
(174, '2023-03-24 10:43:27', 'NEW', '2024-11-21 01:43:42', '2024-02-28 08:53:30', 58, 13, 174),
(175, '2023-04-21 00:07:44', 'COMPLETED', '2024-10-20 01:28:29', '2024-02-27 20:27:48', 17, 34, 175),
(176, '2023-06-08 21:01:22', 'NEW', '2025-01-09 14:54:30', '2024-02-28 13:34:52', 83, 29, 176),
(177, '2023-09-29 02:55:13', 'AWAITING_PAYMENT', '2024-08-06 01:44:22', '2024-02-28 03:04:33', 26, 36, 177),
(178, '2024-01-12 19:03:30', 'IN_PROCESSING', '2025-01-07 21:01:24', '2024-02-28 01:14:16', 82, 2, 178),
(179, '2023-12-18 17:37:03', 'AWAITING_PAYMENT', '2024-09-16 13:46:12', '2024-02-28 07:45:27', 36, 7, 179),
(180, '2023-07-18 21:03:01', 'IN_PROCESSING', '2024-02-28 08:54:00', '2024-02-28 18:35:17', 90, 9, 180),
(181, '2024-01-25 13:51:49', 'REJECTED', '2025-01-02 13:54:30', '2024-02-27 23:19:47', 49, 14, 181),
(182, '2023-03-21 10:35:38', 'CANCELLED', '2024-12-02 18:11:00', '2024-02-28 01:32:29', 12, 27, 182),
(183, '2023-03-30 04:43:16', 'IN_PROCESSING', '2025-02-11 08:58:38', '2024-02-28 07:47:15', 49, 26, 183),
(184, '2023-11-20 22:08:52', 'COMPLETED', '2024-05-03 00:37:24', '2024-02-27 22:31:05', 40, 7, 184),
(185, '2023-05-20 19:23:58', 'REJECTED', '2024-03-15 12:04:05', '2024-02-27 22:09:14', 50, 39, 185),
(186, '2023-07-04 03:49:31', 'AWAITING_PAYMENT', '2024-07-08 14:33:20', '2024-02-28 07:35:50', 75, 24, 186),
(187, '2023-04-29 03:12:39', 'IN_PROCESSING', '2024-12-09 14:39:34', '2024-02-28 17:30:19', 51, 4, 187),
(188, '2023-03-24 21:21:26', 'CANCELLED', '2024-12-30 18:12:20', '2024-02-28 05:49:48', 74, 4, 188),
(189, '2023-03-28 14:30:05', 'COMPLETED', '2024-05-12 08:26:58', '2024-02-28 04:07:46', 75, 25, 189),
(190, '2023-08-17 20:03:55', 'CANCELLED', '2024-06-13 06:49:29', '2024-02-28 17:56:04', 32, 33, 190),
(191, '2023-08-14 01:51:43', 'CANCELLED', '2024-06-19 05:48:50', '2024-02-28 02:07:35', 66, 22, 191),
(192, '2024-02-01 05:55:21', 'COMPLETED', '2025-02-23 22:32:05', '2024-02-28 01:15:06', 7, 19, 192),
(193, '2023-03-02 04:48:59', 'NEW', '2024-10-28 21:05:26', '2024-02-28 14:11:00', 78, 29, 193),
(194, '2023-03-31 08:47:01', 'AWAITING_PAYMENT', '2024-09-21 20:15:58', '2024-02-28 17:50:42', 61, 27, 194),
(195, '2023-08-20 07:52:50', 'NEW', '2024-08-15 01:53:34', '2024-02-28 07:27:08', 63, 11, 195),
(196, '2023-07-13 22:09:19', 'COMPLETED', '2024-04-18 06:37:46', '2024-02-28 13:43:04', 18, 39, 196),
(197, '2023-07-29 22:17:45', 'AWAITING_PAYMENT', '2025-01-19 23:57:58', '2024-02-28 17:19:55', 71, 33, 197),
(198, '2023-08-05 21:07:56', 'CANCELLED', '2024-06-10 04:09:04', '2024-02-28 00:53:11', 56, 21, 198),
(199, '2023-08-13 20:31:45', 'REJECTED', '2024-05-29 17:31:45', '2024-02-27 21:10:46', 25, 17, 199),
(200, '2023-10-27 12:52:07', 'REJECTED', '2024-06-26 15:00:43', '2024-02-28 14:41:10', 54, 39, 200),
(201, '2023-04-28 02:52:08', 'IN_PROCESSING', '2024-06-12 19:37:26', '2024-02-28 12:26:24', 41, 17, 201),
(202, '2023-07-24 03:19:38', 'NEW', '2024-10-15 12:29:25', '2024-02-28 07:22:44', 13, 4, 202),
(203, '2023-08-21 18:56:39', 'COMPLETED', '2024-04-04 06:41:09', '2024-02-28 18:25:06', 25, 24, 203),
(204, '2023-03-21 19:04:42', 'IN_PROCESSING', '2024-04-23 13:37:24', '2024-02-27 23:09:03', 74, 7, 204),
(205, '2024-02-27 10:38:03', 'IN_PROCESSING', '2025-01-03 12:48:24', '2024-02-28 08:32:03', 60, 35, 205),
(206, '2023-07-23 08:57:07', 'CANCELLED', '2024-03-02 02:50:21', '2024-02-28 15:50:43', 52, 33, 206),
(207, '2023-04-22 23:58:35', 'IN_PROCESSING', '2025-01-26 05:09:45', '2024-02-28 00:18:14', 12, 31, 207),
(208, '2023-02-28 23:10:13', 'AWAITING_PAYMENT', '2024-02-29 07:09:54', '2024-02-28 17:47:18', 73, 17, 208),
(209, '2023-09-07 03:33:42', 'IN_PROCESSING', '2025-02-24 04:23:31', '2024-02-27 21:40:43', 73, 5, 209),
(210, '2023-05-01 13:32:25', 'AWAITING_PAYMENT', '2024-08-26 13:33:34', '2024-02-27 22:12:43', 18, 38, 210),
(211, '2023-09-12 23:48:42', 'COMPLETED', '2024-05-25 18:23:43', '2024-02-28 14:40:31', 29, 3, 211),
(212, '2023-03-05 21:44:02', 'CANCELLED', '2024-12-04 09:05:49', '2024-02-28 09:40:26', 70, 37, 212),
(213, '2024-02-15 02:38:05', 'IN_PROCESSING', '2025-02-09 12:46:18', '2024-02-28 04:57:37', 3, 40, 213),
(214, '2023-08-07 09:30:06', 'COMPLETED', '2024-09-06 02:10:23', '2024-02-28 08:40:35', 20, 35, 214),
(215, '2023-05-30 20:34:08', 'IN_PROCESSING', '2024-08-21 14:30:14', '2024-02-28 08:59:01', 16, 33, 215),
(216, '2023-03-19 06:07:25', 'AWAITING_PAYMENT', '2024-10-22 02:11:23', '2024-02-28 02:55:30', 61, 26, 216),
(217, '2023-07-04 23:00:00', 'CANCELLED', '2024-11-03 08:04:30', '2024-02-28 08:40:24', 32, 31, 217),
(218, '2023-04-08 22:26:36', 'CANCELLED', '2024-03-11 07:34:50', '2024-02-28 05:05:09', 73, 12, 218),
(219, '2023-04-07 05:20:24', 'IN_PROCESSING', '2024-03-25 20:53:21', '2024-02-28 03:16:16', 24, 7, 219),
(220, '2023-03-23 15:34:02', 'COMPLETED', '2025-01-25 23:14:56', '2024-02-28 12:51:34', 24, 22, 220),
(221, '2023-08-11 20:47:42', 'AWAITING_PAYMENT', '2024-10-05 11:32:19', '2024-02-28 16:50:47', 29, 3, 221),
(222, '2023-09-22 01:29:26', 'NEW', '2024-05-22 23:27:52', '2024-02-28 11:52:41', 77, 13, 222),
(223, '2023-08-29 22:43:07', 'NEW', '2024-05-21 04:15:29', '2024-02-28 00:39:52', 32, 20, 223),
(224, '2023-08-31 02:23:31', 'IN_PROCESSING', '2024-12-18 17:31:57', '2024-02-27 22:12:34', 43, 27, 224),
(225, '2023-09-22 04:01:08', 'COMPLETED', '2024-12-04 15:20:04', '2024-02-28 06:59:57', 38, 38, 225),
(226, '2023-08-11 03:57:01', 'IN_PROCESSING', '2024-05-09 11:41:33', '2024-02-28 14:31:38', 27, 14, 226),
(227, '2023-11-17 18:43:32', 'REJECTED', '2024-09-18 15:17:31', '2024-02-28 11:01:32', 82, 27, 227),
(228, '2023-06-14 14:47:06', 'REJECTED', '2024-06-11 02:04:23', '2024-02-28 15:12:41', 52, 34, 228),
(229, '2023-08-02 14:46:37', 'REJECTED', '2025-01-25 00:27:36', '2024-02-27 23:39:11', 48, 9, 229),
(230, '2024-02-02 13:04:13', 'REJECTED', '2024-12-26 01:17:16', '2024-02-28 04:21:31', 17, 12, 230),
(231, '2023-03-29 03:56:05', 'COMPLETED', '2024-07-19 08:46:21', '2024-02-28 03:06:33', 32, 6, 231),
(232, '2023-10-26 16:42:56', 'IN_PROCESSING', '2024-03-16 17:56:35', '2024-02-28 01:52:00', 82, 35, 232),
(233, '2023-08-27 19:47:18', 'CANCELLED', '2024-07-29 10:38:14', '2024-02-28 05:30:20', 3, 9, 233),
(234, '2023-05-03 05:47:14', 'COMPLETED', '2024-05-12 05:21:21', '2024-02-28 04:48:50', 63, 32, 234),
(235, '2024-02-24 18:29:10', 'REJECTED', '2024-05-14 23:53:36', '2024-02-28 04:46:13', 86, 39, 235),
(236, '2023-06-19 07:05:03', 'COMPLETED', '2024-04-08 13:03:14', '2024-02-28 14:52:52', 38, 23, 236),
(237, '2023-05-12 04:44:13', 'AWAITING_PAYMENT', '2024-05-14 17:04:51', '2024-02-28 19:03:22', 85, 25, 237),
(238, '2024-02-03 02:47:00', 'REJECTED', '2024-04-29 11:57:54', '2024-02-28 13:53:27', 36, 40, 238),
(239, '2023-10-29 08:49:08', 'CANCELLED', '2024-06-07 15:22:06', '2024-02-28 14:08:24', 61, 11, 239),
(240, '2023-05-21 12:42:59', 'NEW', '2024-07-15 14:30:39', '2024-02-28 12:52:27', 35, 6, 240),
(241, '2023-08-18 00:18:14', 'REJECTED', '2024-07-18 10:05:05', '2024-02-28 05:27:18', 26, 4, 241),
(242, '2023-11-06 07:32:06', 'AWAITING_PAYMENT', '2025-02-13 02:24:29', '2024-02-28 08:30:00', 29, 10, 242),
(243, '2023-03-05 23:53:21', 'REJECTED', '2024-04-18 16:54:44', '2024-02-28 07:39:17', 57, 2, 243),
(244, '2024-02-02 05:50:56', 'COMPLETED', '2024-09-03 02:35:48', '2024-02-28 11:10:24', 20, 39, 244),
(245, '2023-05-30 12:44:00', 'IN_PROCESSING', '2024-10-20 09:46:51', '2024-02-28 11:39:40', 76, 30, 245),
(246, '2023-08-07 01:46:59', 'AWAITING_PAYMENT', '2024-03-22 11:05:41', '2024-02-28 03:30:52', 33, 6, 246),
(247, '2024-02-08 22:16:21', 'IN_PROCESSING', '2024-09-13 22:42:54', '2024-02-28 08:17:12', 50, 27, 247),
(248, '2023-04-29 14:04:15', 'IN_PROCESSING', '2024-09-02 09:21:10', '2024-02-28 01:41:07', 69, 14, 248),
(249, '2023-05-01 06:01:33', 'REJECTED', '2024-09-05 09:47:38', '2024-02-28 02:43:00', 23, 14, 249),
(250, '2023-05-05 08:16:20', 'NEW', '2024-10-08 19:24:53', '2024-02-28 03:47:16', 53, 26, 250),
(251, '2023-10-13 20:58:58', 'IN_PROCESSING', '2024-05-17 05:04:19', '2024-02-28 13:47:30', 35, 37, 251),
(252, '2023-04-06 17:11:11', 'IN_PROCESSING', '2024-11-17 22:13:55', '2024-02-28 05:24:45', 63, 1, 252),
(253, '2024-02-13 07:29:38', 'CANCELLED', '2024-03-12 15:03:41', '2024-02-28 18:17:58', 12, 23, 253),
(254, '2023-03-12 18:10:33', 'CANCELLED', '2024-05-29 17:03:42', '2024-02-28 13:35:48', 44, 16, 254),
(255, '2023-03-18 00:26:19', 'IN_PROCESSING', '2024-05-12 11:42:56', '2024-02-28 11:42:07', 29, 35, 255),
(256, '2023-11-10 22:49:56', 'NEW', '2024-11-16 01:49:11', '2024-02-28 05:13:23', 77, 35, 256),
(257, '2024-01-15 12:51:30', 'COMPLETED', '2024-12-28 01:29:17', '2024-02-28 19:11:08', 34, 30, 257),
(258, '2024-01-04 07:44:04', 'REJECTED', '2025-01-09 14:22:00', '2024-02-27 21:16:54', 61, 38, 258),
(259, '2023-12-16 17:30:07', 'REJECTED', '2024-08-09 13:35:46', '2024-02-28 18:46:14', 5, 9, 259),
(260, '2023-05-06 15:34:50', 'NEW', '2024-10-18 04:47:44', '2024-02-28 07:48:37', 13, 23, 260),
(261, '2024-01-10 04:37:31', 'IN_PROCESSING', '2024-03-20 01:19:13', '2024-02-28 05:39:35', 21, 15, 261),
(262, '2023-05-27 06:12:47', 'IN_PROCESSING', '2024-09-01 11:34:49', '2024-02-27 22:54:54', 6, 21, 262),
(263, '2023-12-13 06:56:58', 'NEW', '2024-10-18 06:14:44', '2024-02-28 12:53:25', 64, 2, 263),
(264, '2023-03-29 11:15:23', 'COMPLETED', '2024-11-23 02:50:50', '2024-02-28 01:59:31', 33, 10, 264),
(265, '2024-01-13 15:00:52', 'IN_PROCESSING', '2024-05-10 16:25:17', '2024-02-28 12:00:16', 78, 13, 265),
(266, '2023-07-23 00:13:30', 'AWAITING_PAYMENT', '2024-09-08 03:48:11', '2024-02-27 23:49:56', 4, 13, 266),
(267, '2023-09-05 15:23:23', 'REJECTED', '2024-10-03 01:21:25', '2024-02-28 07:55:09', 90, 23, 267),
(268, '2023-07-08 17:24:22', 'IN_PROCESSING', '2024-10-14 10:57:41', '2024-02-28 04:32:04', 69, 30, 268),
(269, '2023-11-04 22:04:55', 'IN_PROCESSING', '2024-09-19 04:18:16', '2024-02-28 09:21:26', 81, 23, 269),
(270, '2023-07-07 00:57:06', 'AWAITING_PAYMENT', '2025-01-24 16:15:30', '2024-02-28 06:35:37', 15, 39, 270),
(271, '2023-07-22 23:54:03', 'NEW', '2024-11-17 04:35:38', '2024-02-28 07:58:28', 28, 12, 271),
(272, '2023-04-10 16:25:55', 'COMPLETED', '2024-08-16 18:45:30', '2024-02-28 07:26:30', 72, 15, 272),
(273, '2023-06-05 15:16:44', 'REJECTED', '2024-04-18 19:32:53', '2024-02-28 10:26:08', 85, 11, 273),
(274, '2023-07-08 23:36:46', 'NEW', '2024-07-25 00:08:21', '2024-02-28 11:10:11', 87, 22, 274),
(275, '2023-11-15 20:39:23', 'REJECTED', '2024-07-20 17:56:34', '2024-02-28 08:28:19', 86, 1, 275),
(276, '2023-05-14 11:14:34', 'COMPLETED', '2025-02-10 22:54:15', '2024-02-28 02:10:06', 60, 22, 276),
(277, '2023-08-29 23:45:02', 'IN_PROCESSING', '2025-01-15 00:03:43', '2024-02-27 20:23:07', 83, 20, 277),
(278, '2023-10-06 07:45:59', 'CANCELLED', '2024-07-03 20:32:57', '2024-02-28 17:01:29', 72, 7, 278),
(279, '2023-07-25 19:03:28', 'CANCELLED', '2024-03-24 05:44:36', '2024-02-28 06:38:20', 24, 1, 279),
(280, '2023-10-24 18:19:55', 'COMPLETED', '2024-03-19 14:48:58', '2024-02-28 05:13:26', 45, 8, 280),
(281, '2023-05-14 16:51:35', 'NEW', '2024-04-17 14:21:16', '2024-02-28 01:17:06', 74, 6, 281),
(282, '2023-10-27 17:03:33', 'COMPLETED', '2024-04-12 01:58:42', '2024-02-28 13:15:13', 45, 33, 282),
(283, '2023-06-07 10:20:27', 'CANCELLED', '2024-05-05 21:10:36', '2024-02-28 16:26:44', 41, 26, 283),
(284, '2023-05-03 17:51:50', 'IN_PROCESSING', '2024-06-11 07:23:34', '2024-02-28 08:32:39', 37, 7, 284),
(285, '2023-03-16 06:49:07', 'IN_PROCESSING', '2024-12-06 05:13:34', '2024-02-28 03:25:05', 9, 30, 285),
(286, '2023-08-22 13:14:58', 'AWAITING_PAYMENT', '2025-01-25 14:33:19', '2024-02-28 12:14:21', 12, 27, 286),
(287, '2024-02-12 06:25:00', 'CANCELLED', '2024-08-31 06:34:01', '2024-02-28 08:18:39', 36, 28, 287),
(288, '2023-05-21 15:21:51', 'REJECTED', '2024-12-29 10:46:29', '2024-02-28 13:26:22', 73, 26, 288),
(289, '2023-10-07 21:09:01', 'COMPLETED', '2024-03-10 14:40:22', '2024-02-28 13:13:33', 16, 17, 289),
(290, '2024-02-19 09:49:03', 'REJECTED', '2024-06-04 03:08:59', '2024-02-28 12:50:15', 49, 37, 290),
(291, '2024-01-07 03:53:47', 'COMPLETED', '2024-05-15 02:27:42', '2024-02-27 20:48:16', 45, 21, 291),
(292, '2023-11-15 09:58:33', 'IN_PROCESSING', '2024-08-06 10:56:08', '2024-02-28 03:14:14', 53, 25, 292),
(293, '2023-10-28 21:06:42', 'REJECTED', '2024-05-06 02:04:12', '2024-02-28 11:34:12', 41, 30, 293),
(294, '2023-08-11 21:47:40', 'REJECTED', '2024-09-14 15:02:25', '2024-02-27 23:00:15', 19, 5, 294),
(295, '2023-04-01 10:26:26', 'NEW', '2024-03-27 03:46:52', '2024-02-27 22:46:39', 39, 5, 295),
(296, '2023-10-08 23:41:23', 'AWAITING_PAYMENT', '2024-07-11 03:06:09', '2024-02-28 05:38:45', 55, 37, 296),
(297, '2023-04-20 00:43:49', 'NEW', '2025-01-27 02:27:22', '2024-02-28 06:01:14', 89, 24, 297),
(298, '2023-11-27 19:24:28', 'REJECTED', '2024-08-01 16:31:13', '2024-02-27 23:44:11', 6, 6, 298),
(299, '2023-12-31 11:01:13', 'CANCELLED', '2024-10-06 04:06:14', '2024-02-28 07:51:45', 82, 26, 299),
(300, '2023-10-14 17:13:46', 'CANCELLED', '2024-11-02 00:01:09', '2024-02-27 23:59:40', 13, 11, 300);

INSERT INTO payment (id, sum_price, datetime_payment, description_payment, order_id) VALUES
(1, 97, '2023-09-18 05:38:48', 'Score because firm speak six cup. Population full center hope camera. Successful section natural few.
Budget cut eye vote official. So campaign woman nor.', 1),
(2, 355, '2023-05-01 22:40:18', 'Product can best pay stop box whom. Important possible my community deal maintain forget.', 2),
(3, 144, '2023-06-02 20:54:13', 'Property soldier we. Century wall resource change. Public again news look occur phone quality mother.', 3),
(4, 425, '2023-02-27 20:36:06', 'Resource just especially maintain. Serve body happy different center issue part within.', 4),
(5, 239, '2023-11-21 21:35:54', 'Final rise threat coach money detail. Reflect be ground ever throw add.
Natural run we accept radio yes wind. Instead question radio fall stop.', 5),
(6, 192, '2023-09-03 09:37:16', 'Green thank heavy should. Figure organization blue that soon. Really ground main staff.
Consumer group red defense statement. Information police between everything every join.', 6),
(7, 290, '2024-01-31 23:16:37', 'Threat meet north thousand room.
Born threat check. Service nor into agency stop during hospital. Spend party red know do city order travel.', 7),
(8, 104, '2023-08-01 07:41:43', 'House goal raise study quality she. Claim reflect treatment four cause.
Degree example everyone Congress up. Bed firm police. Enough understand staff beyond history.', 8),
(9, 428, '2023-09-14 18:51:08', 'Hear put pretty together medical. Maintain strong kid purpose child. Security run drive or difficult.', 9),
(10, 348, '2023-12-24 14:02:45', 'Baby page top song body red outside. Wonder management yourself hot participant ball. Middle reality capital soldier best.', 10),
(11, 341, '2023-07-16 21:57:48', 'Name manage dark spend. Space face note project move.
Team produce stage street. Smile think research.
Career artist television process usually. Fill nature hospital from.', 11),
(12, 87, '2023-08-15 11:54:51', 'Question body half key Democrat mention tough. Member size investment partner. Before off with.
Beyond small difficult career. Hard what quickly wall political.
If sing wish as.', 12),
(13, 147, '2023-12-22 12:37:40', 'Above mean at political trip bit since. Peace run have stage traditional. Nothing value election account source college push when.', 13),
(14, 228, '2023-07-31 19:53:04', 'Continue some each piece vote management. Also his property across area. Director he direction.
No them research with.
Fly sport company control look in. Shake guess letter eight of available.', 14),
(15, 264, '2023-05-08 02:25:43', 'Feeling stock military impact if concern. Year life fly remain over movie cell effect. Cover mother rate then.
Power begin response city job report sure. Democrat experience language through.', 15),
(16, 151, '2023-03-25 19:50:36', 'Dream strategy history turn all. Court fund half require since need. Move nature occur question once human little.
Final total see first the. Minute put under.', 16),
(17, 372, '2023-12-29 04:03:23', 'Technology move without north others. Reason one purpose sister activity word. Practice difference nation prepare class.', 17),
(18, 66, '2023-06-14 20:56:38', 'Who way itself else toward choose significant.
Eight reason free debate model our. Sort to claim charge control top. Music administration bar boy above finally property. From individual space world.', 18),
(19, 167, '2023-10-03 19:34:39', 'Meet few art. Shake doctor three modern free talk difficult. Suddenly during fight child reason.', 19),
(20, 399, '2023-11-19 00:13:31', 'That boy just perhaps full hit city only. Sea reason significant couple these. Painting leg number star baby.
Forward establish have another without including itself interview.', 20),
(21, 53, '2023-12-20 05:30:30', 'Federal his card measure. Behind collection office example. Rule main election success rest.
He suffer ability visit. House win student size much when. Yes instead race cover.', 21),
(22, 445, '2023-08-23 13:18:02', 'Both morning sure include environment Congress. Score firm lawyer probably clear ability.
Begin reduce your five. Table degree whatever practice Mrs.', 22),
(23, 276, '2023-09-13 07:39:51', 'Second stock measure now Republican tell. Television morning window because guess study. Free experience quality receive edge main purpose itself.', 23),
(24, 94, '2023-07-04 19:54:53', 'Bad key drug up. Standard left through fine organization four entire.
Fight in seek their those. Pressure room eat work play term.', 24),
(25, 208, '2023-10-29 23:39:44', 'Happen really son will discuss himself. Opportunity drive heavy less phone more. Hand serious may statement north inside.', 25),
(26, 453, '2023-06-12 23:51:51', 'Individual view forget similar Republican information. Story action thus month religious message.', 26),
(27, 164, '2023-03-20 23:50:19', 'Act different safe interview. Pretty hand star top. Since wall certainly fill arrive learn never.
Side great central suggest best term. Can and wife staff.', 27),
(28, 384, '2024-01-30 15:33:50', 'Common mean say difficult whatever. Note natural goal full.
Total central when face degree cell. Go bag a subject seek appear full necessary.', 28),
(29, 457, '2024-01-16 11:42:28', 'Dream use identify fall series. Professor training bit vote bed population successful. Ability several clear wall share appear player.', 29),
(30, 168, '2023-05-07 17:21:33', 'Than chance message change lead win. Civil feel sit business know bed bag. Employee mother traditional outside meeting after buy north. Its ago into fly at listen current.', 30),
(31, 325, '2023-06-11 17:23:14', 'Into direction audience return. Common start weight development adult as.
Fly rock before him figure.', 31),
(32, 491, '2024-02-22 06:05:21', 'Culture brother something institution possible police short scene. Power buy doctor tell walk put ball.
Appear car wife bed.
Audience share town religious return feeling me. Must ahead key small.', 32),
(33, 215, '2024-01-20 08:52:49', 'Happy ground yard present local plan. Economy lose wall answer beautiful crime concern. Establish allow many outside office reveal.', 33),
(34, 430, '2023-03-15 04:29:21', 'Me behind new positive onto cold. Ability official new commercial stand use forget. System nature contain thus.', 34),
(35, 303, '2023-10-06 03:11:09', 'Although want politics new magazine. She attention prevent mouth lead laugh why. Impact account accept other glass pressure that.
Machine reveal best fire friend. Someone seek analysis from.', 35),
(36, 96, '2023-12-04 08:30:46', 'Into now indeed cup. Drive personal center so policy thought plan.
Response serve city language company something loss. Tonight nor dinner return then upon. Explain although spring cause president.', 36),
(37, 152, '2024-01-05 16:40:30', 'Sort agent must cup administration man attorney. His form water choice ready beyond. Hotel during knowledge without choice.', 37),
(38, 409, '2024-02-15 10:17:53', 'World half region ground. Couple build situation how future read task. Tv good tend let.
Soon quality compare free paper something civil.', 38),
(39, 272, '2023-03-10 11:28:26', 'Score thought result she save sea. Throughout second some local. Along indicate war sport.
Country hospital hope onto civil gun to. Might forget explain shoulder Mrs.', 39),
(40, 372, '2023-09-08 20:32:39', 'Trade machine author into town suffer. Build catch now check day again.
Film score he machine into southern. Situation president week spend upon program.', 40),
(41, 400, '2023-05-13 03:52:35', 'Arrive late consumer situation. System may reduce natural. Professor color movement.
Mind morning program need surface couple. Wear unit central media. Lawyer lay federal here.', 41),
(42, 100, '2023-11-21 01:05:14', 'Section financial exactly very economy industry. Tonight sort increase. Particularly girl see mission type become recent. Consider policy somebody clear.', 42),
(43, 171, '2023-06-30 11:41:28', 'Court something deep use movement. North bill type fact light special several nor. Newspaper everyone line.', 43),
(44, 210, '2023-06-19 14:17:31', 'Young book board water toward just. Guy doctor state seek among.
Explain their especially face help garden call. Deep space ask site sure year type.', 44),
(45, 223, '2023-04-02 17:36:49', 'Lead something and agree. Seek describe quickly.
Without yet interesting. Number many against response.
Certainly bar smile. Sure better onto once. Similar five evening kind consumer road then.', 45),
(46, 388, '2023-06-02 04:41:34', 'Thousand song baby sing box eight leg. Parent once nearly.
Money official game onto station situation. Cold bag first activity speech indicate.', 46),
(47, 71, '2023-09-07 07:55:54', 'Free detail voice discuss. Minute little yeah speak skill whose common.
True hour sing miss present image. Blood start cell say training field.', 47),
(48, 238, '2023-05-29 04:07:34', 'Capital someone reason administration mission.
Accept others all control. What third money customer. Benefit role town hour reason.', 48),
(49, 70, '2023-05-06 10:39:13', 'Because table decade travel raise whom. She player PM century employee every whom. Resource especially because painting that treatment example.', 49),
(50, 350, '2023-12-21 21:40:51', 'The hope capital so here. Success community interest environmental billion sea.
Continue lawyer from forget four toward. Car mention town meet our number interview. Wonder three pretty thing.', 50),
(51, 111, '2023-10-30 03:52:03', 'Officer move treat establish. Sense break enjoy term soldier whom system very. Know month huge various trip.
Hear though street power industry.', 51),
(52, 334, '2024-02-07 15:53:09', 'Room born art different. There song himself take against.
Difficult voice charge beat maintain race. Suggest compare while yet too.', 52),
(53, 450, '2023-05-18 09:01:32', 'Smile state size. Kitchen key mouth just box study. Fill ok manager some.
Management win prove perform budget. Certainly moment whose by. News recent charge behind beautiful yes federal.', 53),
(54, 260, '2023-06-27 08:14:51', 'Claim medical democratic store left pick economy. From always Congress area guy.
Go vote management eight ten. Different process send arm yeah hard smile miss.', 54),
(55, 261, '2024-01-28 12:32:17', 'Use article must represent next military always.
Film whose best current six meeting professor. Meeting arrive cultural almost.', 55),
(56, 492, '2024-01-06 19:47:29', 'Cover carry floor rich walk material body. Voice guess become collection shoulder own.
Herself hair green democratic. Break blue that foreign. Record officer should like. List race while.', 56),
(57, 162, '2023-10-13 23:05:11', 'Difficult alone reality save cold see morning. Or method challenge message mouth leg beat. Enough enter executive community method.
Deep however right to government.', 57),
(58, 156, '2023-03-20 16:04:25', 'Top class with safe future rich. Population several technology including along since wide.', 58),
(59, 253, '2024-02-27 03:53:36', 'Green great most health election color stock listen.
Possible job whom. May race green look laugh this floor. Ready drive site art model official.
Amount action chance party. Night skill send world.', 59),
(60, 427, '2023-06-14 09:59:48', 'Far consider board read. Beautiful respond project everybody student off maybe. Itself not history community.', 60),
(61, 124, '2023-08-23 16:26:17', 'Himself throw deal pressure.
Movie lot bring technology reveal organization tax. House stand get head statement relate without want.
Dog for point others. Quality interest wonder hear film accept.', 61),
(62, 224, '2023-04-01 11:09:41', 'Research not force capital site well stand. Quality reduce recent forward event one.
Record national idea moment exactly. Blood yard player happy benefit middle.', 62),
(63, 272, '2023-07-09 21:15:28', 'Lay daughter choose worker page growth sometimes.
Interview letter drug well commercial. Democratic check low arm social lead Republican prevent. Recently government new against true meet.', 63),
(64, 284, '2023-03-31 10:25:33', 'Break last something although. Stuff drive mention quite need parent.
Nearly late per yet hospital. Could behind key baby move wish sport.
Partner maybe find list finish sound. Thank short while.', 64),
(65, 396, '2023-09-22 19:11:57', 'Well throw sure action worker stay people might.
Share tax man thing this project. Quality nor direction perhaps term adult into.', 65),
(66, 155, '2023-11-26 14:08:53', 'A especially line son remember gun. Around value contain discuss despite soldier build.
Yes power company bank step. Sort song set every life money. Most agent line ability him.', 66),
(67, 153, '2023-11-01 07:38:11', 'Itself alone several school total Republican. Stock wrong young model space teacher. Rise maintain fish election explain local item maybe.
Tax throw child our. Three free glass fund.', 67),
(68, 396, '2023-03-27 22:08:10', 'Plant system key because. Surface later number debate author onto race near. Responsibility argue first.', 68),
(69, 255, '2023-07-29 07:00:30', 'Home site land upon time lead action. Sort magazine finish husband but day them. Less government race particular work fund before town.
Forward process them step. Including baby cold.', 69),
(70, 60, '2023-08-19 08:11:08', 'Product wear stop expect just. Structure shoulder customer.
Officer worker rich south. Writer popular particularly live.', 70),
(71, 425, '2023-07-24 17:41:38', 'Wind my effect appear office message alone. Old either civil part crime some. Investment concern management factor.
Cell poor I each. Election resource ability start. Animal bag across agency.', 71),
(72, 447, '2023-06-24 10:53:57', 'Give source network education your fire claim.
Establish social guess sing black growth. Institution million thank skin cell choice partner.', 72),
(73, 351, '2023-05-28 04:52:46', 'Now recognize direction stock sort himself. Than try hard suggest state interview catch.
Partner send force star. Trip fall change.', 73),
(74, 204, '2023-04-26 20:20:45', 'Note picture political. Word defense total. Statement election concern network role direction thought.
Rather view home paper according form participant. Important somebody fish government.', 74),
(75, 486, '2023-06-06 07:02:41', 'World another weight respond. Avoid whole second teacher generation difference remain.
Article nearly before member century mean. Eight season professional able paper democratic.', 75),
(76, 455, '2023-09-22 11:49:02', 'Watch feeling region then possible near star unit.
Fill all every policy. Federal benefit them reach skin.
Nor single discuss else. True although maintain today.', 76),
(77, 384, '2023-03-07 07:44:18', 'Move rule dinner middle modern. Bring speak section culture.
Budget add forward. Relate great analysis former while. Writer sometimes not maybe shake enough within. Great task exist rate meet.', 77),
(78, 274, '2023-12-14 07:33:03', 'Start show member memory black. Season only open skin me we skin language. Though wear series either.
Pick off late apply. Can possible page very hope. Price security answer appear popular gas adult.', 78),
(79, 275, '2023-04-20 04:00:04', 'Great must challenge sort mother country its. Fire since around school me black type table. Agent politics task.', 79),
(80, 213, '2023-08-11 15:37:56', 'Better front peace. Particularly score budget notice.
Subject big news plan who. Early until almost section pressure treat improve.
So kind without realize. Campaign news so message.', 80),
(81, 138, '2023-12-20 00:12:51', 'Face suffer wrong region.
Show give might environment shake reason pass together. Simple least beat coach. House true executive reduce.', 81),
(82, 233, '2024-01-29 00:59:24', 'Answer crime painting product theory. Close family major road sign through money.
Support break according not thus. Write both believe soldier understand run.', 82),
(83, 122, '2023-04-25 21:27:14', 'Discussion or heavy man air also. School brother mind many. Total center reflect deal candidate three.', 83),
(84, 339, '2024-02-11 06:33:53', 'Because PM moment manager. Way dinner contain old wide. Scene school decide find box.
None bill financial discussion care. Technology above old despite.', 84),
(85, 174, '2023-05-27 04:20:27', 'Six think message high detail general. Chair factor history peace despite manage yeah. Director and lot shoulder bit whether western.', 85),
(86, 84, '2023-09-16 22:34:07', 'Culture treat time result stage moment.
Game ability enough form parent purpose sit billion. Must war so to heavy. Region free remain truth.', 86),
(87, 212, '2023-12-30 12:21:08', 'Station laugh travel writer apply stand in. Region water improve event eight cost possible. I of feeling entire weight message nature particularly.', 87),
(88, 186, '2023-10-15 17:02:20', 'Common require model big conference have shoulder. Write perform fly service admit. Us goal enjoy goal mean point from speech.', 88),
(89, 346, '2023-12-29 11:42:15', 'Environmental employee career hear. Early service believe should. Begin assume week nearly commercial then.
Research officer effect year while cultural. Light around anything stage character left.', 89),
(90, 396, '2023-07-03 15:18:34', 'Month some feeling science area. Give fall heavy buy also street poor. Mean piece experience suffer medical so simply.', 90),
(91, 259, '2023-05-17 10:36:20', 'Part beautiful quickly possible large before under agency. Pay concern beyond hit season of.
Car generation certainly dog federal still. Traditional often effort surface. Big machine here down poor.', 91),
(92, 62, '2023-05-17 03:10:04', 'Free allow term war computer start office. Data fast significant provide. Key rest movie form walk.
Thank reason affect energy draw. Everybody note street party.', 92),
(93, 150, '2023-08-28 19:05:40', 'Reduce they cut eye some if. College true build everybody send PM. Rest plan everyone record.
Still wait ready drive.', 93),
(94, 286, '2023-11-10 14:13:29', 'Need force indeed commercial. Yeah with speak challenge image different well wait.
Rather those head. Foreign officer behavior lead far high former build. Provide few set day.', 94),
(95, 271, '2023-09-20 05:32:24', 'Eye often million evening today land. Former party year watch summer.
Perform father bar civil paper. Identify debate war space six space we. Week I indicate opportunity TV assume sure.', 95),
(96, 256, '2023-08-09 19:57:57', 'Collection information save buy we. Step make answer society. Less adult this suddenly Republican.', 96),
(97, 316, '2023-04-30 19:34:39', 'Stay today purpose huge grow sit perform. Run medical country quality government. Material example I indeed network.', 97),
(98, 252, '2023-10-29 09:26:23', 'Western admit student. Project factor century bag happy pressure attention go.
Claim develop thus. News event west behind. Question turn time when.', 98),
(99, 422, '2023-07-30 22:10:54', 'Follow ability ago affect. Seek challenge animal center because. Product matter truth author attack. Religious wide cause.', 99),
(100, 349, '2023-03-20 01:52:55', 'Out a most any lead. Create woman use system rock.', 100),
(101, 319, '2023-11-04 20:25:58', 'Bit both late draw magazine own. Thank site whatever energy away land base.
Reality study into federal easy. Example leg maintain husband.', 101),
(102, 500, '2023-08-29 04:11:50', 'Strong skin tree these amount industry. Rule when party service.
Thank several mind wrong style best special. Better star try reality save.', 102),
(103, 425, '2024-01-29 06:17:14', 'Several store that group cultural pay sing. Early new store success.
Road until probably happen upon media skill. Mission nearly scientist past after student.', 103),
(104, 95, '2024-01-27 14:03:39', 'Sense skill bag coach garden. Congress federal stand everyone with. Maybe specific participant. Huge world much speak among thought.
Natural strategy these. Then medical religious address.', 104),
(105, 238, '2024-01-26 03:26:58', 'Option choice doctor Republican account market success production. Difference specific enter assume sport.
Material green whatever may. Long student quite beat now.', 105),
(106, 240, '2023-05-28 17:58:05', 'After full live wide. Part me news political nice dog.
Heavy international similar not response. Much us couple article. Question economy instead hair.', 106),
(107, 261, '2023-08-07 06:47:45', 'Professor play season do nice note follow.
Drive since never different produce account. Class friend power. Shake treat will send kitchen bank hold nor.', 107),
(108, 67, '2023-11-17 13:39:02', 'Fact admit head wall. Moment interest man somebody. Such identify market girl.
Professor cultural ok hot deep matter show. Indicate several partner stock. Party safe do section.', 108),
(109, 154, '2023-07-02 22:39:36', 'Campaign occur those. Know team crime after bed subject catch. Rule account want product.
Easy behind tree machine moment save. Voice PM theory front. Early possible debate measure property.', 109),
(110, 245, '2023-09-25 18:29:43', 'Reflect party game. Where produce process form animal.
Establish increase western or leave. Government grow no.', 110),
(111, 282, '2023-02-28 15:26:02', 'Discuss every exist read hold away fight. For else power store phone fill region human. Care subject TV.', 111),
(112, 360, '2023-12-08 04:57:46', 'Rule poor college recently every mean. Congress manager whose in budget happy sign season.
Federal whether after boy training thing maintain. Skin enter one road carry see put bag.', 112),
(113, 462, '2024-02-17 10:17:32', 'Dinner center address course. Fast range husband whom face high. How adult pressure trade wide plant.
Physical seat tree measure nation. Rate baby matter us view but minute.', 113),
(114, 69, '2023-09-20 14:36:54', 'Gun skin realize word information rate. Fish outside true sister approach ground maybe three. Include number where yeah Mr doctor.', 114),
(115, 257, '2023-09-25 22:20:20', 'Focus herself hour hundred town to catch. Expect pass need peace local you. Listen blue population try would we.
Relate PM rate water community. Window thus there that woman.', 115),
(116, 250, '2023-06-19 11:18:39', 'Program minute myself suggest much. Success town protect five about when technology. Leave affect speech onto mention manager since.', 116),
(117, 88, '2023-03-18 14:55:24', 'Follow state job. Dark local find education social ball loss. Act health commercial federal.', 117),
(118, 429, '2023-11-05 00:30:13', 'Fight like too well. Coach among particularly position reality central. Future question treatment more.', 118),
(119, 68, '2023-12-20 09:19:43', 'Accept view pretty newspaper coach item attack. Ten now natural. Effort process film choose write garden political space.
Personal later explain travel Democrat. Key dream claim speech film main.', 119),
(120, 293, '2023-06-16 05:13:34', 'Through main perhaps.
Test way rich pattern impact. Participant explain those rich phone base mention public.', 120),
(121, 453, '2023-05-11 18:16:31', 'Outside process able blue growth meet whole. Old wonder woman try book face question. Attack trouble sing simply action run.', 121),
(122, 450, '2023-04-03 18:04:50', 'Develop head raise politics. Million capital meeting pattern often significant. Understand whatever her.
Future listen individual leg. Major despite weight suddenly interesting hand.', 122),
(123, 104, '2023-11-16 11:21:24', 'Approach eat visit reality full catch. Price great card past energy become family.', 123),
(124, 100, '2024-01-28 21:55:38', 'Pay here draw possible prepare dream play spend. Lay show positive quickly hard west relationship. Give back bit true than behavior the.', 124),
(125, 174, '2023-04-17 15:13:30', 'Though time everyone group deal. There arm positive.
Low small air positive young home. Explain type without money job world.
I who purpose team seek open. Four if us note feel ten though prepare.', 125),
(126, 397, '2024-02-26 01:09:35', 'Step suffer set. Wait bad program whose instead lawyer serve.
Consumer leg major relate learn people. No ability daughter likely husband water trouble. Left rest operation series what general.', 126),
(127, 361, '2024-02-24 11:19:16', 'Family try avoid word hard. Course sense movie. World brother rule relationship heart despite front situation.
Mind model speak side forget structure. Claim indeed impact nor opportunity charge.', 127),
(128, 304, '2024-01-17 21:04:00', 'Side only sign box. Participant federal little. Century instead enter clear better.
Share difficult present Congress. Time eye simply sort room season pretty. Fire third happen forward.', 128),
(129, 319, '2023-06-20 18:29:01', 'Person individual recognize recently sister job. Himself Democrat garden national early pretty especially trip.', 129),
(130, 69, '2024-01-06 17:48:41', 'Traditional whether much. Friend onto go girl send writer.
Window care training security pay look too cover. Available want join husband ball good nation.', 130),
(131, 458, '2023-05-13 23:34:27', 'Likely none between thought vote fast hear different. Clear present animal. Though factor open activity.
Name subject building against. Avoid system beyond body. Population letter especially all.', 131),
(132, 499, '2023-06-18 22:08:25', 'Last candidate cover market point ten run.
Happy young realize by discuss east natural add. Start eight beyond.
Environmental pretty receive list until campaign whom. Once good health whose.', 132),
(133, 283, '2023-08-18 13:53:56', 'Key individual what hair whose want crime. Store partner ability past boy. Science a will upon onto billion may.', 133),
(134, 345, '2023-05-18 23:48:59', 'Individual letter anyone big. Would analysis decade pull together. Nor along under indicate than.
Religious chair reveal necessary over performance your. Support natural group mother.', 134),
(135, 55, '2023-06-24 18:07:44', 'Shake manage pressure beyond role daughter see minute. Table defense list fear job artist.
Letter evening stay book. Born scientist his again three determine every according.', 135),
(136, 474, '2023-12-25 18:10:57', 'Hard contain build specific treat forward. Third onto agree describe quite later. Quickly so who difficult hot.
Reach believe doctor.', 136),
(137, 357, '2023-06-22 16:33:05', 'Camera blue describe degree cut. Anything nothing wife he.
Response perform assume until no create. Senior unit bill effect apply sort. Firm Mrs out past window scene positive.', 137),
(138, 462, '2023-04-23 23:49:25', 'Police far game concern. Dark Republican return.
Per power drug support into sit. Can can audience. Shoulder course democratic consumer. Break want box young pick.', 138),
(139, 355, '2023-04-10 16:54:31', 'As nature positive from center likely. Laugh rich wind.
Capital most improve above discover data customer marriage.', 139),
(140, 235, '2023-10-24 09:48:09', 'Half budget piece arm goal available. Under impact activity fill show.
Company natural collection. Hit affect director sound. Heavy occur peace church as commercial red.', 140),
(141, 91, '2023-07-15 01:39:05', 'Whatever land option experience. Item clear many factor share against.
Staff skin stuff old. Teacher deep whose example TV situation unit picture. New television result about strategy.', 141),
(142, 193, '2023-12-10 07:18:35', 'Beautiful few key let sign. Father continue discussion throw high television same. Notice artist side garden dark reflect.', 142),
(143, 118, '2023-08-05 06:58:34', 'Scene inside various level.
However including concern road sister. High thing evidence herself side. Tax ten happy law attorney marriage side think.', 143),
(144, 262, '2023-03-23 02:56:21', 'Quite available sit create ever benefit. Sport project service lay table pattern follow certain. Performance trouble summer meet speech name.', 144),
(145, 219, '2024-01-03 07:30:53', 'Above view continue play against present though.
Young long culture score easy girl share summer. Over president official our beyond kid focus cause.', 145),
(146, 188, '2023-03-15 02:21:53', 'Politics society condition bank federal. By born store meeting great draw above. Somebody challenge the.
Phone toward defense. Tend sing morning town west gun American.', 146),
(147, 458, '2024-01-01 03:26:01', 'Learn herself until nearly relate course. Tend three arrive offer policy again.
Suddenly watch social stay. Message high report again accept method risk.', 147),
(148, 386, '2023-11-21 03:31:56', 'Compare yeah skill. Since future choose hope.
Let customer several safe notice. White imagine various thank year building paper.
Really someone health nature.', 148),
(149, 116, '2024-01-23 22:15:08', 'Never past management hospital music meet drive remain. Reveal exactly blue difficult benefit field. Live people trip spring whatever management.', 149),
(150, 119, '2023-04-09 09:35:49', 'Particular office and my government. Media film believe line project support.
Federal head work leave event. Nothing tonight issue eye quickly.', 150),
(151, 480, '2023-12-01 11:57:49', 'Man point space without wish after watch. Line pressure down early head.
Next level eight onto paper. Truth fact really realize task why lawyer build. History back nothing Mrs into.', 151),
(152, 331, '2023-12-05 19:10:35', 'Right voice add attorney see phone. Account enter century western. Chance ever go quite beat wish land clearly.
Able boy ability audience person. Quality education cut. Plant life late.', 152),
(153, 202, '2023-05-30 15:59:36', 'Interesting must woman technology. Garden crime alone enter. Interest create type draw from design college.', 153),
(154, 351, '2024-02-16 08:54:45', 'Space represent personal policy often ability. Health write movement.
Almost role generation eye produce different affect. Just person bad write matter ground serve various.', 154),
(155, 370, '2023-07-29 00:18:19', 'Scene sing name professional church. Everyone recently since yes against save even. Official executive agreement outside relationship in. Rich interest kid statement.', 155),
(156, 127, '2023-08-12 17:32:45', 'Star hope edge summer prepare old. Collection company draw. Feel necessary far receive risk seven plan.
Page present people total eight do health. Term building along production including meet.', 156),
(157, 55, '2024-02-18 01:57:27', 'Save number former member. Form discussion food question page part. Anything no room fear actually.
When form stop reduce drop. Different bed fast thank chance four. Listen beautiful size.', 157),
(158, 172, '2023-10-01 16:43:08', 'Alone store draw relationship especially political animal. Physical move kind continue service amount avoid.
Chair big staff within act. Range according consider accept common.', 158),
(159, 456, '2023-06-10 13:08:28', 'Have evidence look become close. Young serve these safe continue hear. Successful research ago study control. Wrong could catch officer main young.', 159),
(160, 268, '2023-10-30 13:33:00', 'Hand opportunity call public place health. Social class let war. Writer there soldier mother.
His visit hotel stay. Treat happy these black. How expect great rule eye any energy.', 160),
(161, 92, '2023-11-08 18:03:26', 'Son research billion fund their. Notice PM remain assume likely. Fly significant also structure.
Which food something institution fine. Again peace should benefit. Us trip speech west stop.', 161),
(162, 113, '2024-01-12 05:01:44', 'Couple cost physical card million yourself none produce. Away listen around increase.
Enjoy sister floor culture customer. Oil event by but first style half. Few set million this.', 162),
(163, 148, '2024-01-30 08:57:59', 'Both yeah arm quickly imagine. Character product media toward.
Quality western tend let meet. Window Democrat wish high reach finish think. Candidate month local animal forget at large.', 163),
(164, 336, '2023-11-24 09:04:50', 'Work thing west international. Thought pay school expert well almost determine. Buy discover fact work meet.
Bad over final stand. Test a social watch once maybe. Hold everyone law.', 164),
(165, 418, '2023-03-25 08:07:17', 'Local ok political seven. For seven senior her book detail.
Make religious agent might begin. Difficult sister either another necessary. Financial officer player current.', 165),
(166, 372, '2023-07-07 14:23:27', 'Try together mind end direction arm.
Fact television red someone.
Thought play available mind. Last read two year fast contain.', 166),
(167, 475, '2023-10-06 01:22:50', 'Personal property teach begin. Join city environmental wrong at yet. Bar after inside environmental so.', 167),
(168, 225, '2023-11-14 01:53:05', 'Fact western trade seat team capital reduce. Collection town firm politics each style discover.
Shoulder believe tax project region.', 168),
(169, 74, '2023-12-22 04:19:04', 'Industry report everyone agent be up lose answer. Investment as point him.
Site have game Mr.', 169),
(170, 351, '2024-01-23 01:47:22', 'Share Republican see floor indeed heart while training. Middle public word.
It thus remain tell finish amount smile.
Scene education wish.', 170),
(171, 249, '2023-11-01 08:49:07', 'Pretty floor officer. Mother far themselves child candidate investment. Price heavy whatever successful mean movie guy step.
Note possible expert that book enough particular. Some risk soldier.', 171),
(172, 387, '2023-11-04 06:56:18', 'Yourself article speak government better. Ever subject exactly floor.
Answer national simply run kid. Himself apply risk budget. Hair during she memory huge.', 172),
(173, 113, '2023-04-14 19:23:30', 'Also sound them to spring. Within eye produce ok main author.
One morning cause whose great wife also commercial. Individual kind amount bill mouth year. Truth professor gun.', 173),
(174, 196, '2024-02-15 00:04:54', 'Fall without doctor tree school stay.
Realize station top perform really.
By same standard partner ground environment. Yourself remain whether challenge power. Decade billion military likely bill.', 174),
(175, 331, '2023-06-29 05:05:22', 'Population city whom see wait study partner. He listen others wear traditional.
End have probably must. Future thousand show point.', 175),
(176, 363, '2023-10-20 20:54:32', 'Surface manage open window. Effect truth foot ten guy yet.
Friend movie even everyone although second. Allow strategy discover whatever away from. Possible learn fall well watch whether.', 176),
(177, 92, '2023-12-16 23:13:05', 'Mouth system per look. Possible list protect sister threat it. Recognize throughout between. Up our increase safe sometimes phone.', 177),
(178, 473, '2023-06-13 12:58:43', 'Difference however individual must others former. For prevent within. Almost include eat agreement performance one. Ahead improve can easy.', 178),
(179, 95, '2023-08-17 00:03:44', 'Tax natural trial bad. Buy its contain ground despite create.
Important international oil everyone. Share less accept prevent thing light quality. Training room but environment big finish consider.', 179),
(180, 320, '2023-07-07 10:41:22', 'Exist important thousand list two everything ago song. Side break operation result way prove himself.', 180),
(181, 433, '2023-05-05 23:08:13', 'Nearly resource seem employee do edge. Cell join small ground body event. Station trip knowledge decide.', 181),
(182, 410, '2023-06-09 21:22:01', 'Of answer if plant drug. Ball money appear design cup part fly around. Consumer few include year from enjoy. Author people between popular.', 182),
(183, 202, '2023-10-22 22:04:46', 'Room memory about forward return. Player front fund. Traditional air evidence remain others late.', 183),
(184, 203, '2023-03-10 02:09:20', 'Bill couple local prevent. Personal authority sort change.
Hotel simply surface religious cup here girl defense. Join fast success have. Listen again president.', 184),
(185, 188, '2024-01-05 16:44:29', 'Develop source court item good later guess. Capital thought size. Couple turn wait build part week often town.', 185),
(186, 413, '2023-09-01 10:35:51', 'Those meeting vote hear article wrong serve. Executive recent interview care require hit capital. Authority TV thank wall large. Law per president our.', 186),
(187, 111, '2023-04-15 13:19:55', 'Through raise sister result. Wonder example size such free traditional break month. Lot first church six.
Maintain free interesting yes. Personal good nothing maintain student.', 187),
(188, 116, '2024-01-30 04:15:55', 'Sport remember school pass still. Become daughter style.
Number air ok would maintain build meeting. Travel article first present situation factor. Imagine evidence bank.', 188),
(189, 276, '2023-02-27 21:09:10', 'Realize economy lawyer hot fly. Between approach research major series. Home budget outside share imagine land ok room.', 189),
(190, 375, '2024-02-15 19:07:10', 'Risk stay much enter pay operation leader week. Eat per may. Writer ok everything stay.
Go fly that television adult. Region test simply world.', 190),
(191, 454, '2023-09-23 18:56:21', 'Tonight care meet suffer appear do anyone. Huge cold effort hour.
Majority must move administration national wide. By seven success hit people with during degree. Natural notice matter begin sing.', 191),
(192, 409, '2024-01-26 10:13:14', 'Themselves wide short half style guess. Ground black source enter.', 192),
(193, 186, '2023-03-13 19:20:50', 'Cup son design time white south strong. Item challenge tend notice success. Order well really physical only south team.', 193),
(194, 415, '2023-06-03 00:55:53', 'Federal tend resource air bank modern fear room. College use collection another place down trial newspaper.', 194),
(195, 156, '2023-05-28 08:27:48', 'Often along girl set. Mission fly range final perform party model. Play challenge machine close certainly radio site.', 195),
(196, 406, '2023-03-04 01:17:57', 'Different also look. Social identify will anyone check increase participant.
High suggest tonight city. Citizen enough interest listen white politics process.', 196),
(197, 363, '2023-12-16 15:31:34', 'Seven organization year bed. Daughter knowledge blue big air local.
Part across after several. Only response expert behavior over political movement. Will ten simply education.', 197),
(198, 120, '2023-10-01 06:58:00', 'Sign bar keep woman line drop. Clearly born strong professor success. Little stuff down lay local good activity.
Himself difficult coach head wear story. Alone crime catch east factor sure.', 198),
(199, 467, '2023-03-21 19:59:45', 'Customer town include even where participant he. Drop without perform whose.', 199),
(200, 67, '2023-05-22 06:15:06', 'Market program food recognize radio race. Despite player where local factor near have.
Drop break result series beyond sea support. Role part only civil go yourself now.', 200);